ID,Số con gái,Số con trai,Tổng,Sống cùng,Không sống cùng
127943,0,0,0,0,0
128418,0,0,0,0,0
128304,0,0,0,0,0
129898,0,0,2,0,2
133794,0,0,2,0,2
133986,0,0,3,0,0
124255,0,0,0,0,0
125069,2,0,2,2,0
128995,0,0,0,0,0
133658,0,0,0,0,0
122371,0,0,0,0,0
132507,0,0,0,0,0
127832,2,0,2,2,0
123555,0,0,0,0,0
128108,0,0,0,0,0
107871,1,0,1,1,0
124273,0,0,0,0,0
134005,0,0,0,0,0
123791,1,1,2,0,2
128606,0,0,0,0,0
126288,0,0,0,0,0
125569,0,0,0,0,0
124355,0,0,0,0,0
131268,0,0,0,0,0
128295,0,0,0,0,0
3560,0,0,1,0,1
129586,0,0,0,0,0
127567,0,2,2,0,0
108303,0,0,0,0,0
127412,0,0,0,0,0
133778,0,2,2,1,1
132314,0,0,1,0,1
129018,0,0,0,0,0
832,0,0,1,0,1
102759,0,0,0,0,0
130173,0,0,0,0,0
130521,0,0,2,0,2
122370,0,0,0,0,0
66034,0,0,0,0,0
125121,0,0,0,0,0
131117,0,0,4,0,4
126876,0,0,0,0,0
108573,0,0,0,0,0
132475,1,1,2,0,0
128706,0,0,0,0,0
125474,0,0,1,0,1
124059,0,0,0,0,0
121398,0,0,0,0,0
127610,0,2,2,0,0
124599,0,0,0,0,0
127259,0,0,0,0,0
128910,0,0,0,0,0
128514,0,0,0,0,0
131338,0,0,0,0,0
121437,0,0,1,1,0
112736,0,0,0,0,0
109737,0,0,0,0,0
131959,1,0,1,1,0
133932,0,0,0,0,0
9615,0,0,0,0,0
123239,0,0,0,0,0
130439,0,0,0,0,0
129128,0,0,0,0,0
127982,0,0,0,0,0
121580,0,0,0,0,0
124918,0,0,0,0,0
126220,0,0,0,0,0
133066,0,0,0,0,0
124911,0,0,0,0,0
127114,0,1,1,1,0
9464,0,0,0,0,0
132513,0,0,0,0,0
122446,0,0,0,0,0
132805,0,0,0,0,0
126344,0,0,1,1,0
126037,0,0,0,0,0
131689,0,0,1,1,0
127945,3,0,3,3,0
127508,0,0,0,0,0
132941,0,0,0,0,0
122658,0,0,0,0,0
128791,0,0,0,0,0
124915,0,0,0,0,0
134150,0,0,0,0,0
131702,0,0,2,2,0
129637,0,0,0,0,0
109155,0,0,0,0,0
122769,0,0,0,0,0
124692,0,0,0,0,0
132479,0,0,1,0,0
125072,0,0,0,0,0
126885,0,0,1,0,1
122516,0,0,0,0,0
112854,0,0,0,0,0
122908,0,1,1,1,0
128473,0,0,0,0,0
52687,0,1,1,0,1
124876,1,1,2,0,2
129381,0,0,0,0,0
120156,0,0,0,0,0
120597,0,0,0,0,0
98817,0,0,0,0,0
122098,0,0,0,0,0
133417,0,0,0,0,0
128537,0,0,0,0,0
120417,0,0,0,0,0
122474,0,0,0,0,0
124708,0,0,0,0,0
125296,0,0,0,0,0
130420,0,0,0,0,0
64316,0,0,0,0,0
122449,0,0,0,0,0
123379,0,0,0,0,0
127498,0,0,0,0,0
133270,0,0,0,0,0
127320,0,0,0,0,0
121002,0,2,2,0,2
128012,0,0,0,0,0
127063,1,1,2,2,0
134067,0,0,0,0,0
128345,0,0,0,0,0
124155,0,0,2,1,1
124484,1,1,2,0,0
124572,0,0,2,0,2
4378,0,0,0,0,0
131289,0,0,0,0,0
116303,0,0,0,0,0
93753,0,0,0,0,0
121807,0,0,0,0,0
101622,0,0,0,0,0
103704,0,0,0,0,0
124901,0,0,0,0,0
109029,0,0,0,0,0
102583,0,0,0,0,0
118458,1,0,1,0,1
61704,0,0,0,0,0
123789,0,0,0,0,0
125210,0,0,0,0,0
133588,1,2,3,2,1
110285,0,0,0,0,0
119633,0,0,0,0,0
102587,0,0,0,0,0
100246,0,0,0,0,0
106895,0,0,0,0,0
125890,0,1,1,1,0
9472,0,0,0,0,0
5267,0,0,0,0,0
134531,0,0,0,0,0
104948,0,0,1,0,0
119660,0,0,0,0,0
127233,0,0,0,0,0
65878,1,0,1,0,1
109601,0,0,1,0,1
112101,0,1,1,0,1
132827,0,0,0,0,0
131923,0,0,0,0,0
128567,0,0,0,0,0
117830,0,1,1,0,1
121575,0,0,0,0,0
127260,0,0,0,0,0
122825,0,0,0,0,0
110532,0,0,0,0,0
127752,0,0,0,0,0
124799,0,0,0,0,0
124967,0,0,0,0,0
124298,0,0,0,0,0
121666,0,1,1,1,0
104012,0,0,0,0,0
131368,0,0,0,0,0
103640,0,0,0,0,0
67702,0,0,0,0,0
118163,0,0,0,0,0
100313,0,0,0,0,0
103102,0,0,0,0,0
124941,0,0,0,0,0
125512,0,0,0,0,0
117430,0,0,0,0,0
123532,0,0,0,0,0
3712,0,0,0,0,0
101732,0,0,1,0,1
1329,0,0,0,0,0
108885,0,0,0,0,0
108404,0,0,0,0,0
122736,0,0,0,0,0
62530,0,0,0,0,0
102288,0,0,0,0,0
8523,0,0,0,0,0
124927,0,0,0,0,0
9750,0,0,0,0,0
129383,0,0,4,0,4
2746,0,0,0,0,0
4792,1,1,2,1,1
67603,0,2,2,0,0
108489,0,0,0,0,0
125001,0,0,0,0,0
103783,0,0,0,0,0
126785,0,0,1,1,0
108629,0,0,0,0,0
124004,0,0,1,1,0
102104,0,0,1,0,0
55461,0,0,0,0,0
127422,0,0,1,1,0
107938,0,0,0,0,0
112414,0,0,0,0,0
113437,0,0,0,0,0
124354,0,0,0,0,0
124437,0,0,1,0,1
123688,0,0,0,0,0
130685,0,0,0,0,0
33568,0,0,0,0,0
130034,0,0,0,0,0
125277,0,0,0,0,0
53169,0,0,0,0,0
112434,0,2,2,0,2
121706,0,1,1,1,0
66695,0,0,0,0,0
108493,0,0,0,0,0
105848,0,0,0,0,0
130273,0,0,0,0,0
127802,0,0,0,0,0
122113,0,2,2,1,1
125554,0,0,0,0,0
120478,0,0,0,0,0
116264,0,0,0,0,0
128689,0,0,0,0,0
4738,0,0,0,0,0
108734,1,0,1,1,0
119694,0,0,0,0,0
81018,0,0,0,0,0
93807,0,0,0,0,0
111070,0,0,0,0,0
108622,0,0,0,0,0
5788,0,0,0,0,0
2527,0,0,0,0,0
99539,0,0,0,0,0
108420,1,0,1,0,0
27184,0,0,0,0,0
98,1,1,2,2,0
127484,0,0,0,0,0
53758,0,0,0,0,0
116276,0,0,0,0,0
39077,0,0,1,0,1
54025,0,0,0,0,0
159,0,0,0,0,0
104057,0,0,0,0,0
110103,0,0,0,0,0
124775,0,0,0,0,0
55500,0,0,2,2,0
132136,0,0,0,0,0
112642,0,0,1,1,0
106040,0,0,0,0,0
123241,0,0,0,0,0
113696,0,0,0,0,0
8354,0,0,0,0,0
93688,0,0,0,0,0
111060,0,0,0,0,0
134316,0,0,0,0,0
117748,0,0,0,0,0
100720,0,0,0,0,0
79531,0,0,0,0,0
47288,0,0,1,0,1
121455,1,1,2,0,0
99342,0,0,0,0,0
114985,0,0,0,0,0
123774,1,1,2,1,1
117130,0,0,0,0,0
61229,0,0,0,0,0
15520,0,0,0,0,0
102916,0,0,1,1,0
56417,0,0,0,0,0
131008,0,0,0,0,0
116746,0,0,0,0,0
129837,0,0,0,0,0
126778,0,1,2,1,1
62458,0,0,0,0,0
130060,0,1,1,1,0
67074,0,0,0,0,0
99603,0,0,0,0,0
195,0,0,0,0,0
2614,0,0,0,0,0
104344,0,0,0,0,0
117122,0,0,0,0,0
108221,0,0,0,0,0
62505,0,0,0,0,0
118745,0,0,0,0,0
119401,0,0,0,0,0
102663,0,0,0,0,0
99095,0,0,0,0,0
8619,0,0,0,0,0
99880,0,0,0,0,0
6817,0,0,0,0,0
104503,0,0,0,0,0
107320,0,0,0,0,0
107383,0,0,0,0,0
111741,0,0,0,0,0
93622,0,0,0,0,0
123881,2,0,2,0,2
5301,0,0,0,0,0
99553,0,0,0,0,0
113612,0,0,0,0,0
112190,0,0,0,0,0
94072,0,0,0,0,0
108092,0,0,0,0,0
121642,0,0,0,0,0
107975,0,0,0,0,0
122612,0,0,0,0,0
5326,0,0,0,0,0
53131,0,0,0,0,0
1247,0,0,0,0,0
108753,0,0,0,0,0
99893,0,0,0,0,0
56616,0,0,0,0,0
124942,0,0,0,0,0
2869,0,0,0,0,0
108796,0,2,2,2,0
54202,0,0,0,0,0
116061,0,0,0,0,0
66713,0,0,0,0,0
24701,1,0,1,0,0
99433,0,0,0,0,0
105700,0,0,0,0,0
114237,0,0,0,0,0
101952,0,0,0,0,0
109157,0,0,0,0,0
4601,0,0,0,0,0
106523,0,0,1,0,1
3061,0,0,0,0,0
8053,0,0,0,0,0
93818,0,0,0,0,0
34147,0,0,0,0,0
4539,0,0,0,0,0
113591,1,0,1,0,1
111549,0,0,0,0,0
1914,0,0,0,0,0
121704,0,1,1,0,0
3767,0,0,0,0,0
362,0,0,0,0,0
127292,0,0,2,0,2
130400,0,0,0,0,0
129906,0,0,0,0,0
122132,0,0,0,0,0
114977,0,0,0,0,0
124432,0,0,0,0,0
2624,1,1,2,1,1
6674,0,0,0,0,0
4075,1,0,1,1,0
106970,0,0,0,0,0
9490,0,0,1,0,1
125350,0,0,0,0,0
75216,0,0,0,0,0
8994,0,0,0,0,0
131341,0,0,0,0,0
107047,0,0,0,0,0
114598,1,0,1,1,0
119041,0,0,0,0,0
99117,0,0,0,0,0
133414,0,0,0,0,0
104053,0,0,0,0,0
3603,1,0,1,0,1
99592,0,0,0,0,0
124945,0,0,0,0,0
7707,0,0,0,0,0
99250,0,0,0,0,0
105849,0,0,0,0,0
123844,0,0,1,1,0
4600,0,0,0,0,0
104436,0,0,0,0,0
35233,0,0,1,1,0
100118,0,0,0,0,0
100310,0,1,1,0,1
65623,0,0,0,0,0
66345,0,0,0,0,0
57691,0,0,0,0,0
78367,0,0,0,0,0
107836,0,0,0,0,0
110539,2,0,2,1,1
110819,1,1,2,2,0
119916,0,0,1,0,1
62500,0,0,0,0,0
1441,0,0,0,0,0
70,0,0,0,0,0
9338,0,0,0,0,0
66078,0,0,0,0,0
723,0,0,0,0,0
9774,0,0,0,0,0
39947,0,0,0,0,0
100877,0,0,0,0,0
100775,0,0,0,0,0
99671,0,0,0,0,0
125937,0,0,0,0,0
128804,0,0,0,0,0
106438,0,0,1,0,0
126833,0,0,0,0,0
98712,0,0,0,0,0
133,0,0,0,0,0
4422,0,0,0,0,0
36662,0,0,0,0,0
4603,0,0,0,0,0
4277,0,0,0,0,0
108415,0,0,1,0,1
783,0,0,0,0,0
94013,0,0,0,0,0
102699,0,0,0,0,0
55843,0,0,0,0,0
2225,1,0,1,1,0
54408,0,0,0,0,0
67000,0,0,0,0,0
125055,0,0,0,0,0
93973,0,0,0,0,0
116705,0,0,1,1,0
105586,0,0,0,0,0
127015,0,0,0,0,0
128011,2,0,2,1,1
126352,0,0,0,0,0
125619,0,0,0,0,0
134279,0,0,0,0,0
108339,0,0,0,0,0
9573,0,0,0,0,0
126470,0,0,0,0,0
66849,0,0,0,0,0
102278,0,0,0,0,0
98741,0,0,0,0,0
131476,0,0,0,0,0
124427,0,0,0,0,0
107130,0,0,0,0,0
129575,0,0,0,0,0
109397,0,0,1,1,0
9130,0,0,0,0,0
129278,0,0,0,0,0
122130,0,0,0,0,0
110167,0,0,0,0,0
120508,0,0,0,0,0
121494,0,0,1,1,0
50790,0,0,2,2,0
4640,0,0,0,0,0
52250,0,0,0,0,0
8513,0,0,0,0,0
103484,0,0,0,0,0
67487,0,0,0,0,0
5002,1,0,1,1,0
45872,0,0,0,0,0
4927,0,0,0,0,0
115181,0,0,1,1,0
4993,0,0,0,0,0
8169,0,0,0,0,0
100224,0,0,0,0,0
12822,0,0,0,0,0
65740,0,0,0,0,0
130781,0,0,0,0,0
129878,0,0,0,0,0
128100,0,1,1,1,0
125991,0,0,0,0,0
91797,0,0,0,0,0
3910,0,0,0,0,0
99941,0,0,0,0,0
108737,0,0,0,0,0
128905,0,0,0,0,0
127237,0,0,0,0,0
112157,0,1,1,0,1
118306,0,0,0,0,0
102329,0,0,0,0,0
105215,0,0,0,0,0
99958,0,0,0,0,0
110376,0,0,0,0,0
8219,0,0,1,1,0
5749,0,0,0,0,0
99080,0,0,0,0,0
102626,0,0,0,0,0
108664,0,0,0,0,0
3590,0,0,0,0,0
133276,0,0,0,0,0
103798,0,0,0,0,0
8681,0,0,0,0,0
126959,0,0,0,0,0
123071,0,0,1,0,1
102862,0,0,0,0,0
113173,0,0,0,0,0
101000,1,1,2,2,0
67108,0,0,0,0,0
55186,0,0,0,0,0
124086,0,0,0,0,0
100675,0,0,0,0,0
102658,0,0,0,0,0
112475,0,0,0,0,0
123563,0,0,0,0,0
99789,0,0,0,0,0
113171,0,0,0,0,0
768,0,1,1,0,1
125964,0,0,0,0,0
9348,0,0,0,0,0
485,0,0,0,0,0
77884,0,0,0,0,0
3992,0,0,0,0,0
63568,0,0,0,0,0
110506,1,1,2,2,0
108523,0,0,0,0,0
67636,0,0,0,0,0
4980,0,0,0,0,0
66001,0,0,0,0,0
122620,0,0,3,1,2
126624,0,0,0,0,0
55319,0,0,0,0,0
92839,0,0,0,0,0
110451,0,0,0,0,0
129178,0,0,1,0,0
113181,0,0,0,0,0
45993,0,0,0,0,0
4958,0,0,0,0,0
120425,0,0,0,0,0
93397,0,0,0,0,0
28465,0,0,0,0,0
6798,0,0,0,0,0
6243,0,0,0,0,0
9342,0,0,0,0,0
66143,0,0,0,0,0
2258,0,0,0,0,0
6968,0,0,0,0,0
101511,0,0,0,0,0
66016,0,0,0,0,0
5153,0,0,0,0,0
1331,0,0,0,0,0
2958,0,0,0,0,0
130783,0,0,1,1,0
126694,0,0,0,0,0
118750,0,0,0,0,0
100395,0,0,0,0,0
102784,0,0,0,0,0
114827,0,0,0,0,0
116343,0,0,0,0,0
104208,0,0,0,0,0
9004,0,0,0,0,0
6067,0,0,1,1,0
105981,0,0,0,0,0
105196,0,0,0,0,0
55357,0,0,0,0,0
131482,0,0,0,0,0
93489,0,0,0,0,0
120617,0,0,0,0,0
9782,0,0,0,0,0
9761,0,0,0,0,0
66376,0,0,0,0,0
107209,0,0,0,0,0
123108,0,0,0,0,0
129763,0,0,0,0,0
101142,0,0,0,0,0
1239,0,0,0,0,0
52856,1,0,1,1,0
136,0,0,1,0,0
49827,0,1,1,1,0
99509,0,0,0,0,0
1585,0,0,0,0,0
110039,0,0,1,0,1
104285,0,0,0,0,0
130944,0,1,1,1,0
108749,0,1,1,0,1
66625,0,0,2,2,0
35106,0,0,0,0,0
3861,0,0,0,0,0
111213,0,0,2,0,2
9470,1,0,1,1,0
67820,0,0,1,0,1
98781,0,0,0,0,0
121249,0,0,1,0,1
93563,0,0,0,0,0
5971,1,0,1,1,0
115948,0,0,0,0,0
110958,0,2,2,0,2
66392,0,0,0,0,0
99800,0,0,0,0,0
104853,1,1,2,0,0
9218,0,0,0,0,0
108604,0,0,0,0,0
9114,0,0,0,0,0
107603,0,0,1,0,1
59376,0,0,0,0,0
99149,0,0,0,0,0
105377,0,1,1,0,0
105092,0,0,0,0,0
60049,0,0,0,0,0
67120,0,0,0,0,0
51016,0,0,0,0,0
49371,0,0,0,0,0
54174,0,0,0,0,0
99529,0,0,0,0,0
93691,2,0,2,0,2
8482,0,0,0,0,0
26503,0,0,0,0,0
132041,0,0,2,1,1
115545,0,0,0,0,0
63183,0,0,0,0,0
124101,0,0,1,1,0
67215,0,0,0,0,0
105033,0,0,0,0,0
3403,0,0,1,0,0
116964,0,0,0,0,0
128556,0,0,1,1,0
98775,0,0,0,0,0
75190,0,0,0,0,0
66055,0,0,0,0,0
122127,0,0,0,0,0
66857,0,0,0,0,0
1790,0,0,0,0,0
75193,0,0,0,0,0
77018,0,0,0,0,0
92959,0,0,0,0,0
8108,0,0,0,0,0
2549,0,0,0,0,0
2704,0,0,0,0,0
106209,0,0,1,0,1
25,0,0,0,0,0
50,0,0,0,0,0
9388,0,0,1,0,0
120471,0,0,0,0,0
129553,0,0,0,0,0
105074,0,0,2,0,0
122884,0,0,0,0,0
7083,0,0,0,0,0
106573,0,0,1,0,0
114765,1,0,1,1,0
67628,1,1,2,1,1
5217,0,0,0,0,0
99462,0,0,0,0,0
1685,0,0,0,0,0
8982,0,0,0,0,0
66464,0,0,0,0,0
125032,0,0,0,0,0
128057,0,0,0,0,0
98889,0,0,0,0,0
120082,0,0,0,0,0
126549,0,0,0,0,0
55496,0,0,0,0,0
8645,0,0,0,0,0
5360,0,2,2,0,1
66748,0,0,0,0,0
108235,0,0,2,0,2
107280,0,0,0,0,0
66498,0,0,0,0,0
122092,2,0,2,0,0
102109,0,0,0,0,0
8324,0,0,0,0,0
102629,0,0,0,0,0
51347,0,0,0,0,0
103117,0,0,1,0,0
106835,0,0,0,0,0
124815,0,0,0,0,0
7455,0,0,0,0,0
3899,0,0,0,0,0
1206,0,0,0,0,0
73280,1,0,1,1,0
67471,0,0,0,0,0
74557,0,0,0,0,0
55366,0,0,0,0,0
4278,0,0,1,0,0
75988,0,0,0,0,0
123954,0,0,1,0,1
64212,0,0,0,0,0
109215,0,0,1,0,1
103957,0,0,0,0,0
125652,0,0,0,0,0
9333,0,0,0,0,0
129076,0,0,0,0,0
66549,0,0,0,0,0
67198,0,0,0,0,0
57901,0,0,0,0,0
8913,0,0,0,0,0
131094,0,0,0,0,0
129379,0,0,0,0,0
5574,0,0,0,0,0
108778,0,0,0,0,0
66854,0,0,0,0,0
120852,0,0,0,0,0
108406,1,0,1,0,0
53861,0,0,0,0,0
103695,0,0,0,0,0
126924,0,0,0,0,0
125393,0,0,1,0,1
126310,0,0,0,0,0
104097,0,0,0,0,0
8222,0,0,0,0,0
9165,0,0,0,0,0
103014,0,1,1,1,0
103625,0,0,0,0,0
796,0,0,0,0,0
113734,0,0,0,0,0
110040,0,0,0,0,0
121894,0,0,1,1,0
67721,0,0,0,0,0
75228,0,1,1,0,1
4703,0,0,1,0,1
103363,0,0,0,0,0
9745,0,0,0,0,0
67304,0,0,0,0,0
8254,0,0,0,0,0
110256,0,0,0,0,0
114908,0,0,0,0,0
131881,0,0,0,0,0
120878,0,1,1,0,1
123775,0,0,0,0,0
55389,0,0,0,0,0
81013,0,0,1,0,1
99046,0,0,0,0,0
92877,0,0,0,0,0
9449,0,0,0,0,0
52936,0,0,0,0,0
63577,0,0,0,0,0
103569,0,0,0,0,0
6005,0,0,0,0,0
128566,0,0,1,0,1
112738,0,0,0,0,0
100608,0,1,1,1,0
77404,0,2,2,0,0
55432,0,0,0,0,0
92053,0,0,0,0,0
67248,0,0,0,0,0
75670,0,0,0,0,0
7849,0,0,0,0,0
7522,0,0,0,0,0
124045,0,0,0,0,0
110876,0,0,0,0,0
9646,0,0,0,0,0
103808,0,0,1,1,0
128881,0,0,0,0,0
112467,0,0,0,0,0
122826,0,0,0,0,0
4379,0,0,0,0,0
127151,0,0,0,0,0
67396,0,0,0,0,0
103082,0,0,0,0,0
7458,0,0,0,0,0
64140,0,0,0,0,0
130323,0,0,2,0,2
62401,0,0,0,0,0
104610,0,0,0,0,0
36631,0,0,0,0,0
1033,0,0,0,0,0
9502,0,0,0,0,0
101040,0,0,0,0,0
116927,0,0,0,0,0
98306,0,0,0,0,0
103469,0,0,0,0,0
105837,0,0,0,0,0
121323,1,1,2,0,0
109710,0,0,1,0,1
941,0,0,0,0,0
5013,0,0,0,0,0
94056,0,0,0,0,0
102538,0,0,0,0,0
67351,0,0,0,0,0
99630,0,0,0,0,0
116556,0,2,2,0,2
104383,0,0,0,0,0
108526,0,0,0,0,0
119858,0,1,1,1,0
99735,0,0,0,0,0
126499,0,0,0,0,0
105266,0,0,0,0,0
110218,0,0,1,0,1
4279,1,1,2,0,0
9489,0,2,2,2,0
105816,0,0,2,0,2
111053,0,0,0,0,0
55380,0,0,0,0,0
67711,0,1,1,1,0
67741,0,0,0,0,0
110889,0,0,0,0,0
105005,0,0,0,0,0
129641,0,0,0,0,0
101766,0,0,0,0,0
5582,0,0,0,0,0
31025,0,0,0,0,0
8119,0,0,0,0,0
67502,0,0,0,0,0
9780,0,0,0,0,0
130670,0,0,0,0,0
67115,0,0,0,0,0
123505,0,0,1,1,0
2943,0,0,0,0,0
109574,0,0,0,0,0
127160,0,0,0,0,0
124738,0,0,0,0,0
66601,1,0,1,1,0
99141,0,0,0,0,0
41605,0,0,0,0,0
5905,0,0,0,0,0
7403,0,0,0,0,0
128719,0,0,0,0,0
4982,0,0,0,0,0
54128,0,0,0,0,0
101262,0,0,0,0,0
4024,0,0,0,0,0
115341,0,0,0,0,0
9073,0,0,0,0,0
5677,0,0,0,0,0
129936,0,0,2,1,1
124725,0,0,0,0,0
113039,0,1,1,0,0
4315,0,0,0,0,0
127808,0,0,0,0,0
113849,0,0,0,0,0
98575,1,0,1,1,0
111858,0,0,0,0,0
115884,0,0,0,0,0
128816,0,0,0,0,0
7303,0,0,0,0,0
5021,0,0,0,0,0
131676,3,0,3,3,0
131510,0,0,0,0,0
103809,0,0,0,0,0
92540,0,0,0,0,0
123699,0,0,0,0,0
99400,0,0,0,0,0
67116,0,0,0,0,0
107076,0,0,0,0,0
106582,0,0,0,0,0
103788,0,0,0,0,0
3697,0,0,0,0,0
6604,0,0,0,0,0
7414,0,0,0,0,0
67514,1,0,1,0,0
65995,0,0,0,0,0
112164,0,0,1,0,1
67369,0,0,0,0,0
102814,0,0,1,1,0
54267,0,0,0,0,0
111661,0,0,0,0,0
102709,0,1,1,1,0
104945,0,0,0,0,0
98949,0,0,0,0,0
1862,0,0,0,0,0
67616,0,0,0,0,0
48180,0,0,0,0,0
67736,0,0,0,0,0
3857,0,0,0,0,0
64073,0,0,0,0,0
102063,0,0,0,0,0
124340,0,0,0,0,0
93805,1,0,1,1,0
98768,0,0,0,0,0
83291,0,0,0,0,0
67201,0,0,0,0,0
8924,0,0,0,0,0
8139,0,0,0,0,0
119681,0,0,0,0,0
93281,0,0,0,0,0
98773,0,0,0,0,0
113038,0,0,2,0,0
103094,0,0,0,0,0
103567,0,0,0,0,0
130276,0,0,0,0,0
124027,0,0,0,0,0
128440,0,0,1,1,0
99037,0,0,0,0,0
114468,0,0,0,0,0
66784,1,1,2,2,0
115862,0,0,1,0,1
4822,0,0,0,0,0
9401,0,0,0,0,0
5435,0,0,0,0,0
67494,0,0,0,0,0
119958,0,0,0,0,0
703,0,1,1,1,0
102984,0,0,0,0,0
98729,0,0,0,0,0
65948,0,0,0,0,0
4700,0,0,0,0,0
2278,0,0,0,0,0
2442,0,0,0,0,0
102310,0,0,0,0,0
65981,0,0,0,0,0
130095,0,0,0,0,0
99963,0,0,0,0,0
8976,0,0,0,0,0
75729,0,0,0,0,0
129944,0,0,2,2,0
66256,0,0,0,0,0
104866,0,0,0,0,0
122345,0,0,0,0,0
104715,0,0,1,0,1
54234,0,0,0,0,0
128289,0,0,0,0,0
99664,0,0,0,0,0
54279,0,0,0,0,0
98266,0,0,1,0,0
123100,0,0,1,1,0
121605,0,0,1,0,1
3997,0,0,0,0,0
102328,0,0,0,0,0
125825,0,0,2,2,0
8806,0,0,0,0,0
111339,0,0,0,0,0
109060,0,0,1,0,1
98608,0,2,2,0,2
126331,0,0,0,0,0
3916,0,0,0,0,0
4691,0,0,0,0,0
66651,0,0,0,0,0
46212,0,0,1,1,0
7780,0,0,0,0,0
66118,0,0,0,0,0
121429,0,0,0,0,0
121495,0,2,2,1,1
51536,0,0,0,0,0
7463,0,0,0,0,0
103349,0,0,1,0,1
55363,0,0,1,1,0
74620,1,0,1,1,0
110795,0,0,0,0,0
99727,0,0,0,0,0
111599,0,0,1,0,1
101306,0,0,0,0,0
65977,0,0,0,0,0
9087,0,0,0,0,0
53345,0,0,0,0,0
120594,0,0,0,0,0
64698,0,0,0,0,0
53986,0,0,0,0,0
9526,2,0,2,0,0
47477,0,0,1,0,0
3544,0,0,0,0,0
121611,2,0,2,2,0
9085,1,0,1,1,0
103797,0,0,0,0,0
121073,1,1,2,0,0
124777,0,0,0,0,0
112538,0,2,2,1,1
134535,0,0,2,0,2
82081,0,0,0,0,0
111808,0,0,0,0,0
66614,0,0,0,0,0
48356,0,0,0,0,0
102375,0,0,0,0,0
129628,0,2,2,2,0
107376,0,0,0,0,0
9328,0,0,0,0,0
104316,0,0,0,0,0
106041,0,0,0,0,0
116993,1,1,2,2,0
66133,0,0,0,0,0
2540,0,0,0,0,0
101533,0,0,0,0,0
1062,0,0,0,0,0
127999,0,0,3,0,3
102406,0,2,2,2,0
128792,0,0,0,0,0
66640,0,0,0,0,0
106309,0,0,0,0,0
109529,0,0,0,0,0
62858,0,0,0,0,0
80608,0,0,0,0,0
8087,0,0,0,0,0
131763,0,0,0,0,0
131592,0,0,0,0,0
106485,0,0,0,0,0
109805,0,0,0,0,0
122198,0,0,0,0,0
4893,0,0,0,0,0
118628,1,1,2,0,2
126414,0,0,4,0,0
48460,2,0,2,0,2
131903,0,0,0,0,0
118826,0,0,1,1,0
109229,0,0,0,0,0
112017,0,0,0,0,0
129605,0,0,1,0,0
1560,0,0,0,0,0
65157,0,0,0,0,0
9064,0,0,0,0,0
119020,0,0,3,3,0
103369,0,2,2,0,0
100747,0,0,0,0,0
124560,0,0,2,1,1
129036,0,0,0,0,0
107760,0,0,1,0,0
67411,0,0,0,0,0
67367,0,0,0,0,0
107747,1,0,1,0,1
103324,1,0,1,1,0
128632,0,0,0,0,0
124873,0,0,0,0,0
67753,0,0,0,0,0
104392,0,0,0,0,0
128161,0,0,0,0,0
99464,0,1,1,1,0
9093,0,0,0,0,0
8508,0,0,0,0,0
92925,0,0,0,0,0
99268,0,0,0,0,0
131579,0,0,2,0,0
129092,0,0,0,0,0
54328,0,0,0,0,0
132933,0,0,0,0,0
82297,0,0,0,0,0
107711,0,0,0,0,0
114049,0,0,0,0,0
44788,0,0,0,0,0
4815,0,0,0,0,0
54181,0,0,1,0,0
107111,1,1,2,2,0
131385,0,0,0,0,0
98713,0,2,2,0,2
128932,0,0,1,1,0
102889,0,0,0,0,0
109214,0,0,0,0,0
117164,1,2,3,2,1
9005,0,0,0,0,0
102461,0,0,0,0,0
117690,0,0,2,2,0
67631,0,0,0,0,0
112435,0,0,0,0,0
124905,0,0,1,1,0
117941,0,0,0,0,0
106864,0,0,0,0,0
129615,0,0,0,0,0
124872,0,0,0,0,0
93487,0,0,2,2,0
107619,0,0,0,0,0
119303,0,0,0,0,0
49559,0,0,0,0,0
121364,0,0,0,0,0
111238,0,0,0,0,0
131664,0,0,0,0,0
76859,1,0,1,1,0
103814,0,0,0,0,0
3069,0,0,0,0,0
102927,0,0,0,0,0
5177,0,0,0,0,0
7096,1,1,2,2,0
117792,0,0,0,0,0
106560,0,0,0,0,0
67090,0,0,1,0,0
130461,0,0,0,0,0
13795,0,0,0,0,0
4336,0,0,0,0,0
125730,0,0,0,0,0
122128,0,0,0,0,0
129180,0,0,0,0,0
113617,0,0,0,0,0
113206,0,0,0,0,0
9296,0,0,0,0,0
67756,0,1,1,1,0
98594,0,0,0,0,0
52781,0,2,2,1,1
65793,0,0,0,0,0
54269,0,0,0,0,0
98679,1,0,2,1,1
102591,0,0,0,0,0
82013,0,0,0,0,0
116802,0,0,0,0,0
8933,0,0,0,0,0
53865,0,1,1,1,0
66095,0,0,0,0,0
120881,0,0,1,0,1
67464,0,0,2,0,0
117544,0,0,0,0,0
116213,0,0,0,0,0
7833,0,0,0,0,0
6088,0,0,0,0,0
9402,0,0,0,0,0
5428,0,0,0,0,0
6318,0,0,0,0,0
60285,0,0,0,0,0
9379,0,0,0,0,0
122301,0,0,0,0,0
66714,0,0,0,0,0
122638,2,0,2,0,2
113139,1,0,1,1,0
67174,0,1,1,0,1
113372,1,0,1,1,0
8597,0,0,0,0,0
5637,0,0,0,0,0
2953,0,0,0,0,0
66837,0,0,0,0,0
111073,0,1,1,1,0
67473,2,0,2,0,0
123176,0,0,1,1,0
112916,0,0,0,0,0
113858,0,0,0,0,0
66356,0,0,0,0,0
2501,0,0,0,0,0
107699,0,0,1,1,0
67004,0,0,0,0,0
53899,0,0,0,0,0
4397,0,0,1,0,0
129250,1,0,1,0,0
104247,0,0,0,0,0
130733,0,0,1,0,0
107577,0,0,0,0,0
3102,0,0,0,0,0
55499,0,0,0,0,0
106416,1,1,2,0,2
92848,0,0,0,0,0
4672,0,0,0,0,0
9487,0,0,0,0,0
119635,0,0,1,1,0
102622,0,0,0,0,0
4961,0,0,0,0,0
126215,0,0,1,0,0
112949,0,0,0,0,0
117357,0,0,0,0,0
103725,0,0,0,0,0
112592,0,0,0,0,0
107063,0,0,0,0,0
3329,0,0,0,0,0
111839,0,0,0,0,0
67176,0,0,0,0,0
98791,1,0,1,1,0
4418,0,0,0,0,0
4441,0,0,0,0,0
113194,0,1,1,1,0
65911,0,0,0,0,0
57745,0,0,0,0,0
67401,0,0,0,0,0
55652,0,0,0,0,0
113650,0,2,2,0,2
105807,0,0,0,0,0
2397,0,0,0,0,0
105227,0,0,0,0,0
1899,0,0,1,0,0
66699,0,0,0,0,0
67102,0,0,0,0,0
107445,1,1,2,0,0
54020,0,0,0,0,0
4363,0,0,1,0,0
8587,0,0,0,0,0
93880,0,0,0,0,0
113077,0,1,1,1,0
8111,0,0,0,0,0
73147,0,0,0,0,0
101819,0,0,0,0,0
55384,1,0,1,0,1
126443,0,0,0,0,0
47943,0,1,1,0,0
116588,0,0,0,0,0
9074,1,1,2,0,2
111008,0,2,2,0,0
91983,1,1,2,0,0
53371,0,0,0,0,0
66122,0,0,0,0,0
103878,0,0,0,0,0
57719,0,0,0,0,0
81888,0,0,0,0,0
91790,0,0,0,0,0
66711,0,0,0,0,0
102650,0,0,0,0,0
8771,0,0,0,0,0
51751,0,0,0,0,0
67228,0,0,0,0,0
99873,0,1,1,0,1
99845,0,0,0,0,0
1074,0,0,0,0,0
104039,0,0,0,0,0
834,0,0,0,0,0
104852,0,0,0,0,0
50979,0,0,0,0,0
58086,0,0,0,0,0
2357,0,0,0,0,0
113586,0,0,0,0,0
100012,0,0,0,0,0
9596,0,0,0,0,0
117201,0,0,1,0,1
110583,0,0,0,0,0
129701,0,0,0,0,0
127352,0,0,0,0,0
2507,0,0,0,0,0
108999,0,0,2,0,0
4790,0,0,0,0,0
8082,0,0,0,0,0
102528,0,0,0,0,0
129507,0,0,0,0,0
8503,0,0,0,0,0
2699,0,0,0,0,0
40781,0,0,0,0,0
105817,0,0,0,0,0
99627,0,0,0,0,0
82464,0,0,0,0,0
126370,0,0,0,0,0
82336,0,0,0,0,0
5672,0,0,0,0,0
44029,0,0,0,0,0
79934,0,0,0,0,0
5454,0,0,0,0,0
98853,0,0,0,0,0
4835,0,0,0,0,0
52229,0,0,0,0,0
9412,0,0,0,0,0
115581,0,0,0,0,0
55209,0,0,0,0,0
2960,0,0,0,0,0
114296,0,0,0,0,0
121324,0,0,0,0,0
59173,0,0,0,0,0
103849,1,0,1,0,0
3840,0,0,1,0,0
67205,0,0,0,0,0
2701,0,0,0,0,0
791,0,0,0,0,0
9446,0,0,0,0,0
8907,0,0,0,0,0
115173,0,0,0,0,0
102182,0,0,0,0,0
107850,0,0,2,0,2
7769,1,0,1,1,0
131583,0,0,0,0,0
111093,0,0,0,0,0
8092,0,0,0,0,0
123133,0,0,0,0,0
115990,0,0,0,0,0
102739,0,0,0,0,0
121939,0,0,0,0,0
121916,1,0,1,0,1
7173,0,0,0,0,0
45978,0,0,0,0,0
9465,0,0,0,0,0
52179,0,1,1,0,0
66490,0,0,0,0,0
3284,0,0,0,0,0
124800,0,0,0,0,0
63553,0,0,0,0,0
67101,0,0,0,0,0
66012,0,0,0,0,0
67096,0,0,0,0,0
7843,0,0,0,0,0
102138,0,0,0,0,0
54074,0,0,0,0,0
103655,1,1,2,0,0
59262,0,0,0,0,0
63817,0,0,0,0,0
100369,0,0,0,0,0
126028,0,0,0,0,0
75219,0,0,2,0,2
103701,0,0,0,0,0
119967,0,0,0,0,0
94021,0,0,0,0,0
54042,0,0,0,0,0
122947,0,0,1,1,0
100730,0,0,0,0,0
120133,2,0,2,0,2
4996,0,0,0,0,0
8047,0,0,0,0,0
110344,0,0,0,0,0
118969,3,0,3,0,3
107239,0,0,0,0,0
124288,0,0,1,0,1
101083,0,0,0,0,0
5073,0,0,0,0,0
43499,0,0,0,0,0
131582,0,0,0,0,0
76995,0,0,0,0,0
122131,0,0,1,1,0
1398,0,0,0,0,0
115352,0,1,1,0,1
81212,0,0,0,0,0
1365,0,0,0,0,0
121819,0,0,0,0,0
107011,0,0,0,0,0
108450,0,0,0,0,0
51716,0,0,0,0,0
8340,0,0,0,0,0
67629,0,0,0,0,0
4681,0,0,0,0,0
102352,0,0,0,0,0
67328,0,0,0,0,0
60734,0,0,0,0,0
66071,0,0,0,0,0
65926,0,0,0,0,0
2538,0,0,0,0,0
67443,0,0,0,0,0
55307,0,0,0,0,0
101562,0,0,1,0,1
67373,0,0,0,0,0
59380,0,0,0,0,0
36431,0,0,0,0,0
4809,0,0,0,0,0
25939,0,0,0,0,0
9301,0,0,0,0,0
3362,0,0,0,0,0
58971,0,0,0,0,0
123331,0,0,1,1,0
7405,0,0,0,0,0
104013,0,0,0,0,0
104535,0,0,0,0,0
9162,0,0,0,0,0
101900,0,0,0,0,0
2411,1,0,1,1,0
92609,0,0,0,0,0
1449,0,0,0,0,0
98745,0,0,0,0,0
124544,0,0,0,0,0
4908,0,0,0,0,0
131295,0,0,0,0,0
49837,0,0,0,0,0
24477,0,0,0,0,0
128860,0,0,0,0,0
106375,0,0,2,0,2
121984,0,0,0,0,0
92212,1,1,2,1,1
105088,0,0,0,0,0
129191,0,0,0,0,0
102751,1,0,1,1,0
8497,0,0,0,0,0
104846,0,0,0,0,0
104217,0,0,0,0,0
98697,0,0,0,0,0
124,0,0,0,0,0
119772,0,0,0,0,0
76543,0,0,0,0,0
102586,0,0,0,0,0
37144,0,0,0,0,0
122990,0,0,0,0,0
60279,0,0,0,0,0
129992,0,0,0,0,0
123267,0,0,0,0,0
100364,0,0,0,0,0
126667,0,0,0,0,0
107097,0,0,0,0,0
108217,0,0,0,0,0
121920,0,0,0,0,0
108938,0,2,2,0,2
3512,0,0,0,0,0
113121,0,0,0,0,0
130435,0,0,0,0,0
101580,0,0,0,0,0
104314,0,0,0,0,0
132984,0,0,0,0,0
51902,0,0,0,0,0
74297,0,0,1,0,0
66076,0,0,0,0,0
115736,0,0,1,1,0
123695,0,0,0,0,0
125824,0,0,0,0,0
112264,0,0,0,0,0
67767,0,0,0,0,0
118310,0,0,0,0,0
110690,0,0,0,0,0
109548,0,0,0,0,0
126605,0,0,0,0,0
114828,0,0,1,0,1
113089,0,0,1,1,0
118367,0,0,0,0,0
120157,0,0,0,0,0
9772,0,0,0,0,0
115830,0,0,0,0,0
1374,0,0,0,0,0
126911,0,0,0,0,0
126604,0,0,0,0,0
7339,1,0,1,0,1
111168,0,0,1,1,0
131739,0,0,1,0,0
125608,0,0,0,0,0
104816,0,0,0,0,0
120491,0,0,0,0,0
108194,0,0,0,0,0
108145,0,0,0,0,0
108225,0,0,0,0,0
113588,0,0,1,1,0
131804,0,1,1,1,0
131562,1,0,1,0,0
66654,0,1,1,0,0
52371,0,0,0,0,0
38338,0,0,0,0,0
52184,0,0,0,0,0
53907,0,0,0,0,0
105918,1,1,2,1,1
102475,0,0,0,0,0
105233,1,0,1,0,1
107151,0,0,0,0,0
129344,0,0,0,0,0
9429,0,0,0,0,0
61231,0,0,0,0,0
104045,0,0,0,0,0
102856,0,0,0,0,0
131580,0,0,0,0,0
106314,0,0,0,0,0
100397,0,0,0,0,0
5640,0,0,0,0,0
113769,0,0,0,0,0
129333,0,0,2,0,2
131599,0,0,0,0,0
131600,0,0,0,0,0
131656,0,0,0,0,0
131516,0,0,0,0,0
106205,0,0,0,0,0
67685,0,0,0,0,0
67670,1,0,1,1,0
55180,0,0,0,0,0
5081,0,0,0,0,0
102424,0,0,0,0,0
131493,0,0,1,1,0
131683,0,0,0,0,0
131578,0,1,1,1,0
119775,0,0,2,1,1
100117,0,0,0,0,0
99221,0,0,0,0,0
93604,0,1,1,1,0
66642,0,0,0,0,0
5198,0,0,0,0,0
105090,0,0,0,0,0
103200,0,0,0,0,0
66088,0,0,0,0,0
2775,0,0,0,0,0
65929,0,0,0,0,0
99850,0,0,0,0,0
3729,0,0,0,0,0
92828,0,0,0,0,0
5287,0,0,0,0,0
108148,0,0,0,0,0
126606,0,0,0,0,0
115563,0,0,0,0,0
105029,0,0,0,0,0
103136,0,0,0,0,0
120384,1,0,1,0,1
130428,0,0,0,0,0
131428,0,0,0,0,0
66240,0,0,0,0,0
67688,0,0,0,0,0
66876,0,0,0,0,0
113138,0,0,2,2,0
108775,0,0,0,0,0
79137,0,0,0,0,0
99643,0,0,0,0,0
99319,0,0,0,0,0
112883,0,0,0,0,0
103890,0,0,0,0,0
57100,0,0,0,0,0
5358,0,0,0,0,0
107129,0,0,0,0,0
111681,0,0,0,0,0
99618,0,0,0,0,0
67406,0,0,0,0,0
121052,0,0,0,0,0
102476,0,0,0,0,0
109221,1,1,2,1,0
55614,0,0,0,0,0
101972,0,0,0,0,0
123608,0,0,0,0,0
8204,0,0,0,0,0
9393,2,0,2,1,1
65618,0,0,0,0,0
112650,0,0,0,0,0
101455,0,0,0,0,0
123072,0,0,0,0,0
114535,0,0,0,0,0
67728,0,0,0,0,0
109882,0,0,0,0,0
67786,0,0,1,1,0
108044,0,0,0,0,0
120047,0,0,1,1,0
114539,0,1,1,0,1
111233,0,0,0,0,0
72833,0,1,1,0,1
112205,0,0,0,0,0
104085,0,0,0,0,0
53965,0,0,0,0,0
101003,0,0,0,0,0
126422,0,0,0,0,0
3837,0,0,0,0,0
53881,0,0,1,0,0
93018,0,0,0,0,0
112825,0,0,0,0,0
122336,0,0,0,0,0
106878,0,0,0,0,0
102426,0,0,0,0,0
112229,1,1,2,0,0
58324,0,0,0,0,0
113438,0,0,0,0,0
64467,0,0,0,0,0
65855,0,0,0,0,0
66289,0,0,0,0,0
67491,0,0,0,0,0
113756,0,0,0,0,0
98723,0,0,0,0,0
122468,0,0,0,0,0
122567,0,0,1,0,1
112159,0,0,0,0,0
99506,0,0,0,0,0
130740,0,0,1,0,0
124743,0,0,0,0,0
114769,0,0,0,0,0
67446,0,0,0,0,0
121181,0,0,0,0,0
66477,0,0,0,0,0
9767,0,0,0,0,0
66299,0,0,0,0,0
66593,0,0,0,0,0
109609,0,0,0,0,0
129994,0,0,0,0,0
9109,0,0,0,0,0
872,0,0,0,0,0
108350,0,0,0,0,0
112307,0,0,0,0,0
53671,0,0,0,0,0
102175,0,0,0,0,0
5873,0,0,0,0,0
54600,0,0,0,0,0
102183,0,0,0,0,0
40937,0,0,0,0,0
100362,0,0,0,0,0
9496,0,0,0,0,0
102627,0,0,0,0,0
79652,0,0,0,0,0
103972,0,0,0,0,0
79891,0,0,0,0,0
99948,0,0,1,0,0
37339,0,0,0,0,0
126887,0,0,0,0,0
2660,1,0,1,1,0
107110,0,0,0,0,0
53612,0,0,0,0,0
98824,0,0,0,0,0
93450,0,0,0,0,0
6773,0,0,0,0,0
112227,0,0,0,0,0
122798,0,1,1,1,0
103514,0,0,0,0,0
67589,0,0,1,0,1
110086,0,0,1,1,0
109962,0,0,1,1,0
108767,0,0,0,0,0
107614,0,0,0,0,0
73535,0,0,0,0,0
94011,0,0,0,0,0
83514,0,0,0,0,0
66848,0,0,0,0,0
113250,0,0,3,0,0
113082,1,2,3,1,2
55275,0,0,0,0,0
112367,0,2,2,0,0
111646,1,0,1,0,1
55368,1,1,2,0,2
63655,0,0,0,0,0
105803,0,0,0,0,0
104555,0,0,0,0,0
104608,0,0,0,0,0
98634,0,0,1,0,0
67138,0,1,1,0,1
104955,0,0,0,0,0
114085,0,0,0,0,0
62721,0,0,0,0,0
755,0,0,0,0,0
46861,0,0,0,0,0
67158,0,0,0,0,0
2751,0,0,0,0,0
113290,0,0,0,0,0
108564,0,0,0,0,0
129968,0,0,0,0,0
105283,0,0,0,0,0
113887,0,0,0,0,0
66427,0,0,0,0,0
1349,0,0,0,0,0
102850,0,0,0,0,0
9169,0,0,0,0,0
67169,0,0,0,0,0
130601,0,0,0,0,0
105877,0,2,2,0,2
920,0,0,0,0,0
126638,0,0,1,0,1
55896,0,0,0,0,0
67752,0,0,0,0,0
106528,0,0,0,0,0
117716,0,0,2,1,1
103415,0,0,0,0,0
103651,0,0,0,0,0
101730,0,2,2,2,0
99656,1,0,1,1,0
106564,0,1,1,1,0
101077,0,0,0,0,0
98950,0,0,0,0,0
106176,0,0,0,0,0
5258,0,0,0,0,0
51450,0,0,0,0,0
4582,0,0,0,0,0
113939,0,0,0,0,0
112662,0,0,0,0,0
112485,0,0,0,0,0
122272,0,0,1,1,0
66254,0,0,0,0,0
94012,0,0,0,0,0
6557,0,0,0,0,0
111485,0,0,0,0,0
100047,0,0,0,0,0
115751,0,0,0,0,0
104673,0,0,1,1,0
99011,0,1,2,1,1
105067,0,0,0,0,0
103922,0,0,0,0,0
9606,0,0,0,0,0
109190,0,0,0,0,0
117654,0,0,0,0,0
25186,0,0,0,0,0
7569,0,0,0,0,0
102640,0,1,2,1,0
67047,0,0,0,0,0
125648,0,0,0,0,0
715,0,0,0,0,0
56627,0,0,0,0,0
104930,0,0,0,0,0
1766,0,2,2,0,2
99392,0,0,0,0,0
9604,0,0,0,0,0
53712,0,0,0,0,0
8100,0,0,0,0,0
101808,0,0,0,0,0
67650,2,0,2,2,0
115858,0,0,0,0,0
1865,0,0,0,0,0
3768,0,0,0,0,0
52504,0,0,0,0,0
115379,2,0,2,1,1
67439,0,0,0,0,0
7822,0,0,0,0,0
74517,0,0,0,0,0
46387,0,0,0,0,0
7499,1,0,1,0,1
117044,0,0,0,0,0
114760,0,0,0,0,0
113187,0,0,0,0,0
103028,0,0,0,0,0
4947,0,0,0,0,0
7592,0,0,0,0,0
7255,0,0,0,0,0
7839,0,0,0,0,0
65425,0,0,0,0,0
73209,0,0,0,0,0
6750,0,0,0,0,0
8519,0,0,0,0,0
99612,0,0,0,0,0
103940,0,0,0,0,0
66770,0,0,0,0,0
5415,0,0,0,0,0
7791,0,0,0,0,0
57306,0,0,0,0,0
55763,0,0,0,0,0
64407,0,0,0,0,0
53667,0,0,0,0,0
130278,0,0,0,0,0
8573,0,0,0,0,0
9189,0,0,0,0,0
5106,0,0,0,0,0
9225,0,0,0,0,0
108605,0,0,0,0,0
111376,0,0,0,0,0
67403,0,0,0,0,0
122180,0,0,0,0,0
99541,0,0,0,0,0
104185,0,0,0,0,0
100504,0,0,1,0,0
4696,0,0,0,0,0
106283,0,0,1,0,1
104420,0,0,0,0,0
7555,0,0,0,0,0
61070,0,0,0,0,0
64030,0,0,0,0,0
7747,0,0,0,0,0
99352,0,0,0,0,0
41065,0,0,0,0,0
59391,0,0,0,0,0
82822,0,0,0,0,0
55313,0,0,0,0,0
111700,0,0,0,0,0
94005,0,0,0,0,0
7949,0,0,0,0,0
67346,0,0,0,0,0
53089,0,0,0,0,0
101304,0,0,0,0,0
30203,0,0,0,0,0
101629,0,0,1,1,0
106974,0,0,0,0,0
67361,0,0,0,0,0
105261,0,0,0,0,0
53453,1,0,1,0,1
102598,0,0,0,0,0
101896,0,0,0,0,0
30025,0,0,0,0,0
6427,0,0,0,0,0
99540,1,0,1,1,0
99133,0,0,0,0,0
913,0,0,0,0,0
4952,0,0,0,0,0
35725,0,0,0,0,0
101647,0,0,0,0,0
103184,0,0,0,0,0
111660,0,0,0,0,0
94010,0,0,0,0,0
108249,0,0,1,1,0
1656,0,0,0,0,0
67689,0,0,1,0,1
66250,0,0,0,0,0
67480,0,0,0,0,0
103169,0,0,0,0,0
75215,0,0,0,0,0
65198,0,0,0,0,0
53536,0,0,0,0,0
98591,0,0,0,0,0
78661,0,0,0,0,0
113183,0,0,0,0,0
83429,0,0,0,0,0
67179,0,0,0,0,0
112882,0,0,0,0,0
102630,0,0,0,0,0
121594,0,0,1,0,1
110888,0,1,1,1,0
67027,0,0,0,0,0
99581,0,0,0,0,0
60499,0,0,0,0,0
105983,0,0,0,0,0
1294,0,0,0,0,0
98852,0,0,0,0,0
60520,0,0,0,0,0
103244,0,0,0,0,0
103260,0,0,1,0,0
66759,0,0,0,0,0
64588,0,0,0,0,0
108803,0,0,0,0,0
1403,0,0,0,0,0
67388,0,0,0,0,0
9353,0,0,0,0,0
47228,0,0,0,0,0
108602,0,0,0,0,0
3482,0,0,0,0,0
66763,0,0,0,0,0
101248,0,0,0,0,0
7094,0,0,0,0,0
112134,0,1,1,0,1
98876,0,0,0,0,0
98877,0,0,0,0,0
5516,0,0,0,0,0
92701,0,0,0,0,0
67394,0,0,0,0,0
59862,0,0,0,0,0
102079,0,0,0,0,0
99672,0,0,0,0,0
103906,0,0,0,0,0
113765,0,0,0,0,0
66038,1,0,1,0,0
7640,0,0,0,0,0
93582,0,0,0,0,0
67087,0,0,0,0,0
101357,0,0,0,0,0
61701,0,0,0,0,0
75499,0,0,0,0,0
66847,0,0,0,0,0
960,0,0,0,0,0
67498,0,0,0,0,0
110599,0,0,0,0,0
92427,0,0,0,0,0
50601,0,0,0,0,0
4992,0,0,0,0,0
66444,0,0,0,0,0
9647,0,1,1,0,0
104685,0,0,1,0,1
114748,0,0,0,0,0
100298,0,0,0,0,0
63626,0,0,0,0,0
111870,0,0,0,0,0
49562,0,0,0,0,0
103077,0,0,0,0,0
74112,1,1,2,0,2
105480,1,1,2,0,2
113747,0,0,0,0,0
54108,0,0,0,0,0
115905,2,0,2,0,2
52792,0,0,0,0,0
82294,1,0,1,1,0
67350,0,0,0,0,0
120540,0,0,0,0,0
67171,0,0,0,0,0
1000,0,0,0,0,0
129688,0,0,1,0,0
65147,0,0,0,0,0
2578,0,0,0,0,0
80249,0,0,0,0,0
112243,1,1,2,0,0
99711,1,0,1,1,0
66026,0,0,0,0,0
29782,0,0,0,0,0
67776,0,0,1,0,0
9451,0,0,0,0,0
113711,0,1,1,0,1
52231,1,1,2,0,0
98344,0,0,0,0,0
59121,0,0,0,0,0
47302,0,0,0,0,0
65962,0,0,0,0,0
120081,0,0,1,1,0
52748,0,0,0,0,0
9389,0,0,0,0,0
66677,0,0,0,0,0
98733,0,0,0,0,0
7160,0,0,0,0,0
3289,0,0,0,0,0
74337,0,0,1,0,1
4411,0,0,0,0,0
108267,0,0,1,0,1
66203,0,0,0,0,0
102705,0,0,0,0,0
91819,0,0,0,0,0
58948,0,0,0,0,0
66233,0,0,0,0,0
9014,0,0,0,0,0
64684,0,0,0,0,0
67192,0,0,0,0,0
118337,0,0,0,0,0
117511,0,0,0,0,0
4571,0,0,0,0,0
64324,0,0,0,0,0
9370,0,0,0,0,0
112015,0,0,0,0,0
65941,1,1,2,0,0
67223,0,0,0,0,0
66294,0,0,0,0,0
98813,0,0,0,0,0
81458,0,0,0,0,0
56501,0,0,0,0,0
79183,0,0,0,0,0
62398,0,0,0,0,0
101615,0,0,0,0,0
63581,0,0,0,0,0
3446,0,0,0,0,0
42151,0,0,0,0,0
67225,0,0,0,0,0
67521,0,0,0,0,0
9099,0,0,0,0,0
7818,0,0,0,0,0
66124,0,0,0,0,0
9116,0,0,0,0,0
67114,0,0,0,0,0
108626,0,0,0,0,0
115677,0,0,0,0,0
57198,0,0,0,0,0
63308,0,0,0,0,0
54367,0,0,0,0,0
52147,0,0,0,0,0
103528,0,0,0,0,0
66684,0,0,0,0,0
103557,1,1,2,2,0
110873,0,0,0,0,0
99405,0,0,0,0,0
66052,0,0,0,0,0
103832,0,0,0,0,0
104949,0,1,1,0,1
66251,0,0,0,0,0
52966,0,0,0,0,0
17164,0,0,0,0,0
7834,0,0,0,0,0
9001,0,0,0,0,0
66921,0,0,0,0,0
99803,0,0,0,0,0
79888,0,0,0,0,0
65005,0,0,0,0,0
104014,0,1,1,1,0
104313,0,0,1,0,0
92886,0,0,0,0,0
8889,0,0,0,0,0
62750,0,0,0,0,0
7868,1,0,1,0,0
99247,0,0,0,0,0
99736,0,0,0,0,0
6930,0,0,0,0,0
67665,0,0,0,0,0
53608,0,0,0,0,0
102584,0,0,0,0,0
52365,0,0,0,0,0
9423,0,0,0,0,0
4806,0,0,0,0,0
1592,0,0,0,0,0
66957,0,0,0,0,0
105379,0,0,0,0,0
67092,0,0,0,0,0
17842,0,0,0,0,0
9356,0,0,0,0,0
103195,0,0,0,0,0
111473,0,0,0,0,0
102508,0,0,0,0,0
124312,0,0,0,0,0
122374,0,0,1,0,1
102952,0,0,0,0,0
8551,0,0,0,0,0
58726,0,0,0,0,0
8899,0,0,0,0,0
66082,0,0,0,0,0
66027,0,0,0,0,0
105007,0,0,1,1,0
66470,0,0,1,1,0
93690,0,0,0,0,0
119396,0,0,0,0,0
120722,0,0,0,0,0
66213,0,0,0,0,0
75102,0,0,0,0,0
110832,0,0,0,0,0
67210,0,0,0,0,0
7770,0,0,0,0,0
4288,0,0,0,0,0
7829,0,0,0,0,0
66936,0,0,0,0,0
77948,0,0,0,0,0
65357,0,0,0,0,0
106942,0,0,0,0,0
65802,0,0,0,0,0
66898,0,0,0,0,0
111243,1,1,2,2,0
102230,0,0,0,0,0
115726,0,0,0,0,0
123085,2,2,4,0,4
9733,0,0,0,0,0
5995,0,0,0,0,0
67277,0,0,0,0,0
102389,0,0,0,0,0
67048,0,0,0,0,0
8883,0,0,0,0,0
74751,0,0,0,0,0
4240,0,0,0,0,0
66917,0,0,0,0,0
107746,0,0,0,0,0
107084,0,0,0,0,0
67130,0,0,1,0,1
66298,0,0,0,0,0
108707,0,0,0,0,0
109206,0,0,1,1,0
66722,0,0,0,0,0
67249,0,0,0,0,0
103268,0,0,0,0,0
106321,0,0,0,0,0
9009,0,0,0,0,0
8865,0,0,0,0,0
67188,0,0,0,0,0
67382,0,0,0,0,0
53605,0,0,0,0,0
66391,0,0,0,0,0
3951,0,0,0,0,0
66068,0,0,0,0,0
3725,0,0,0,0,0
62453,0,0,0,0,0
4051,0,0,0,0,0
121484,0,0,0,0,0
66658,0,0,0,0,0
9230,0,0,0,0,0
66145,0,0,0,0,0
83300,0,0,0,0,0
63670,0,0,0,0,0
2868,0,0,0,0,0
65928,0,0,0,0,0
105051,0,0,0,0,0
67137,0,0,0,0,0
106989,0,0,0,0,0
66270,0,0,0,0,0
65210,0,0,0,0,0
103105,0,0,0,0,0
59274,0,0,0,0,0
53095,0,0,0,0,0
65724,0,0,0,0,0
5737,0,0,0,0,0
66591,0,0,0,0,0
93680,0,0,0,0,0
54197,0,0,0,0,0
937,0,0,0,0,0
99988,0,0,0,0,0
67260,0,0,0,0,0
67320,0,0,0,0,0
66835,0,0,0,0,0
67111,0,0,0,0,0
98313,0,0,0,0,0
77572,0,0,0,0,0
9654,0,0,0,0,0
77531,1,0,1,1,0
7519,0,0,0,0,0
111470,0,0,0,0,0
67194,0,0,0,0,0
39858,0,0,0,0,0
29999,0,0,0,0,0
2853,0,0,0,0,0
53229,0,0,0,0,0
108516,0,0,0,0,0
5412,0,0,0,0,0
100326,0,0,0,0,0
101247,0,0,0,0,0
5388,0,0,0,0,0
53695,0,0,0,0,0
1928,0,0,0,0,0
66648,0,0,0,0,0
37338,0,0,0,0,0
67431,0,0,0,0,0
65903,0,0,0,0,0
6928,0,0,0,0,0
53443,0,0,0,0,0
93837,0,0,1,1,0
27619,0,0,0,0,0
49699,0,0,0,0,0
8419,0,0,0,0,0
54249,0,0,0,0,0
12820,0,0,0,0,0
2499,0,0,0,0,0
4967,0,0,0,0,0
4270,0,0,0,0,0
31985,0,0,0,0,0
100018,0,0,0,0,0
107623,0,0,0,0,0
9185,0,0,0,0,0
65894,0,0,0,0,0
66958,0,0,0,0,0
60940,0,0,0,0,0
66013,0,0,0,0,0
56384,0,0,0,0,0
65715,0,0,0,0,0
66791,0,0,0,0,0
67091,0,0,0,0,0
5016,0,0,0,0,0
3264,0,0,0,0,0
893,0,0,0,0,0
9578,0,0,0,0,0
67117,0,0,0,0,0
66074,0,0,0,0,0
8001,0,0,0,0,0
7456,0,0,0,0,0
5086,1,0,1,0,0
66478,0,0,0,0,0
44503,0,0,0,0,0
50317,0,0,0,0,0
66954,0,0,0,0,0
67353,0,0,0,0,0
4226,0,0,0,0,0
37262,0,0,0,0,0
104295,0,0,0,0,0
8376,0,0,0,0,0
53630,0,0,0,0,0
3240,0,0,0,0,0
59235,0,0,0,0,0
1828,0,0,0,0,0
65869,0,0,0,0,0
7674,0,0,0,0,0
10507,0,0,0,0,0
2571,0,0,0,0,0
66668,0,0,1,0,0
66248,0,0,0,0,0
66119,0,0,0,0,0
66139,0,0,0,0,0
577,0,0,1,0,0
8911,0,0,0,0,0
66802,0,0,0,0,0
102614,0,0,0,0,0
4409,0,0,0,0,0
99059,0,0,0,0,0
105697,0,0,1,0,1
92326,0,0,0,0,0
3368,0,0,0,0,0
9277,0,0,1,0,0
98726,0,0,0,0,0
1423,0,0,0,0,0
1420,0,0,0,0,0
48244,0,0,0,0,0
5457,0,0,0,0,0
101017,0,0,0,0,0
98730,0,1,1,1,0
5256,0,0,0,0,0
66366,0,0,0,0,0
4284,0,0,0,0,0
9634,0,0,0,0,0
67395,0,0,0,0,0
26171,0,0,0,0,0
8754,0,0,0,0,0
9362,0,0,0,0,0
9438,0,0,0,0,0
8888,0,0,0,0,0
3065,0,0,0,0,0
7900,0,0,0,0,0
3206,0,0,0,0,0
4643,0,0,0,0,0
9219,0,0,0,0,0
6711,0,0,0,0,0
98767,0,0,0,0,0
93519,0,0,1,0,0
1700,0,0,0,0,0
47616,0,0,0,0,0
2469,0,0,0,0,0
60021,0,0,0,0,0
99054,0,0,0,0,0
66788,0,0,0,0,0
8356,0,0,0,0,0
75854,0,0,0,0,0
8934,0,0,0,0,0
58584,0,0,0,0,0
93946,0,0,0,0,0
115242,0,0,2,2,0
110997,0,1,1,1,0
99353,0,0,0,0,0
131519,0,0,0,0,0
131477,0,0,0,0,0
131661,0,0,0,0,0
2485,0,0,0,0,0
66738,0,0,0,0,0
8926,0,0,0,0,0
2413,0,0,0,0,0
67821,2,0,2,0,2
7956,0,0,0,0,0
66616,0,0,0,0,0
2295,0,0,0,0,0
66247,0,0,0,0,0
7596,0,0,0,0,0
50181,0,0,0,0,0
60134,0,0,0,0,0
67238,0,0,0,0,0
98792,0,0,0,0,0
7691,0,0,0,0,0
102666,0,0,0,0,0
73771,0,0,0,0,0
107700,1,0,1,0,0
92634,0,0,0,0,0
102965,0,0,0,0,0
9269,0,0,0,0,0
8373,0,0,0,0,0
9034,0,2,2,2,0
130023,0,0,0,0,0
134603,0,0,0,0,0
57873,0,0,0,0,0
1088,0,0,0,0,0
79374,1,1,2,2,0
103749,0,0,0,0,0
5777,0,0,0,0,0
67025,0,0,0,0,0
82919,0,0,0,0,0
2387,0,0,0,0,0
66274,0,0,0,0,0
99143,0,0,0,0,0
8842,0,0,0,0,0
3835,0,0,0,0,0
67365,0,0,0,0,0
65967,0,0,0,0,0
107085,0,0,0,0,0
60261,0,0,0,0,0
105109,1,0,1,0,0
41028,0,0,0,0,0
66659,0,0,0,0,0
8628,0,0,0,0,0
65561,0,0,0,0,0
66336,0,0,0,0,0
7474,0,0,0,0,0
4449,0,0,0,0,0
73629,0,0,0,0,0
75324,0,0,0,0,0
79034,0,0,3,0,3
1098,0,0,0,0,0
3897,0,0,0,0,0
66824,0,0,0,0,0
58443,0,0,0,0,0
66991,0,0,0,0,0
4130,0,0,0,0,0
77623,0,0,0,0,0
99048,0,0,0,0,0
58916,0,0,0,0,0
8203,0,0,0,0,0
62303,0,0,0,0,0
6300,0,0,0,0,0
3052,0,0,0,0,0
9609,0,0,0,0,0
67151,0,0,0,0,0
45203,0,0,0,0,0
66195,0,0,0,0,0
75329,0,0,0,0,0
4853,0,0,0,0,0
67204,0,0,0,0,0
67496,0,0,0,0,0
9347,0,0,0,0,0
8828,0,0,0,0,0
2729,0,0,0,0,0
46135,0,0,0,0,0
7302,0,0,0,0,0
73628,0,0,0,0,0
7695,0,0,0,0,0
9371,0,0,0,0,0
65946,0,0,0,0,0
66395,0,0,0,0,0
8152,0,0,0,0,0
37983,0,0,0,0,0
65898,0,0,0,0,0
9303,0,0,1,0,0
78767,0,0,2,2,0
66843,0,0,0,0,0
7896,0,0,0,0,0
58747,0,0,0,0,0
48787,0,0,0,0,0
4801,0,0,0,0,0
66221,0,0,0,0,0
7445,0,0,0,0,0
3967,0,0,0,0,0
63554,0,0,0,0,0
51828,0,0,0,0,0
38,0,0,0,0,0
67018,0,0,0,0,0
3033,0,0,0,0,0
5158,0,0,0,0,0
100363,0,0,0,0,0
8609,0,0,0,0,0
66020,0,0,0,0,0
67235,0,0,0,0,0
75698,0,0,0,0,0
50253,0,0,0,0,0
8922,0,0,0,0,0
79381,0,0,0,0,0
7619,0,0,0,0,0
5284,0,0,0,0,0
7343,0,0,0,0,0
780,0,0,0,0,0
1564,0,0,0,0,0
9092,0,0,0,0,0
9742,0,0,0,0,0
53757,0,0,0,0,0
66237,0,0,0,0,0
6360,0,0,0,0,0
63561,0,0,1,0,0
9473,0,0,0,0,0
62394,0,0,0,0,0
8906,0,0,0,0,0
7467,0,0,0,0,0
8919,0,0,0,0,0
4679,0,0,0,0,0
5294,1,0,1,1,0
5196,0,0,0,0,0
3020,0,0,0,0,0
61204,0,0,0,0,0
5180,0,0,0,0,0
49159,0,0,0,0,0
9581,0,0,0,0,0
77599,0,0,0,0,0
9885,0,0,0,0,0
3231,0,0,0,0,0
1622,0,0,0,0,0
8347,0,0,0,0,0
711,0,0,0,0,0
8095,0,0,0,0,0
66883,0,0,0,0,0
45117,0,0,0,0,0
60816,0,0,0,0,0
8943,0,0,0,0,0
53335,0,0,0,0,0
44842,0,0,0,0,0
9251,0,0,0,0,0
65734,0,0,0,0,0
67243,1,0,1,0,0
134331,0,0,0,0,0
