id,education
127943,Dưới đại học
128418,Trên đại học
128304,Trên đại học
129898,Trên đại học
133794,Đại học
133986,Dưới đại học
124255,Đại học
125069,Trên đại học
128995,Đại học
133658,Dưới đại học
122371,Đại học
132507,Trên đại học
127832,Đại học
123555,Đại học
128108,Đại học
107871,Đại học
124273,Đại học
134005,Dưới đại học
123791,Đại học
128606,Đại học
126288,Đại học
125569,Đại học
124355,Đại học
131268,Trên đại học
128295,Trên đại học
3560,Đại học
129586,Dưới đại học
127567,Trên đại học
108303,Đại học
127412,Đại học
133778,Đại học
132314,Trên đại học
129018,Đại học
832,Đại học
102759,Đại học
130173,Đại học
130521,Đại học
122370,Dưới đại học
66034,Đại học
125121,Trên đại học
131117,Dưới đại học
126876,Đại học
108573,Dưới đại học
132475,Đại học
128706,Trên đại học
125474,Đại học
124059,Đại học
121398,Trên đại học
127610,Đại học
124599,Đại học
127259,Đại học
128910,Đại học
128514,Đại học
131338,Dưới đại học
121437,Đại học
112736,Đại học
109737,Du học
131959,Đại học
133932,Trên đại học
9615,Đại học
123239,Đại học
130439,Đại học
129128,Đại học
127982,Đại học
121580,Đại học
124918,Đại học
126220,Đại học
133066,Đại học
124911,Trên đại học
127114,Đại học
9464,Đại học
132513,Đại học
122446,Đại học
132805,Dưới đại học
126344,Đại học
126037,Đại học
131689,Đại học
127945,Đại học
127508,Trên đại học
132941,Đại học
122658,Đại học
128791,Đại học
124915,Trên đại học
134150,Đại học
131702,Đại học
129637,Đại học
109155,Đại học
122769,Đại học
124692,Đại học
132479,Đại học
125072,Đại học
126885,Đại học
122516,Đại học
112854,Đại học
122908,Đại học
128473,Đại học
52687,Đại học
124876,Đại học
129381,Trên đại học
120156,Trên đại học
120597,
98817,Trên đại học
122098,Trên đại học
133417,Trên đại học
128537,Đại học
120417,Dưới đại học
122474,Đại học
124708,Du học
125296,Đại học
130420,Dưới đại học
64316,Đại học
122449,Trên đại học
123379,Đại học
127498,Đại học
133270,Dưới đại học
127320,Đại học
121002,Dưới đại học
128012,Trên đại học
127063,Đại học
134067,Đại học
128345,Đại học
124155,Đại học
124484,Đại học
124572,Đại học
4378,Dưới đại học
131289,Dưới đại học
116303,Đại học
93753,Đại học
121807,Đại học
101622,Dưới đại học
103704,Đại học
124901,Đại học
109029,Đại học
102583,Dưới đại học
118458,Đại học
61704,Đại học
123789,Dưới đại học
125210,Trên đại học
133588,Dưới đại học
110285,Đại học
119633,Đại học
102587,Đại học
100246,Đại học
106895,Đại học
125890,Đại học
9472,Đại học
5267,Đại học
134531,Đại học
104948,Đại học
119660,Đại học
127233,Đại học
65878,Đại học
109601,Trên đại học
112101,Đại học
132827,Đại học
131923,Đại học
128567,Dưới đại học
117830,Đại học
121575,Trên đại học
127260,Đại học
122825,Đại học
110532,Đại học
127752,Đại học
124799,Đại học
124967,Đại học
124298,Đại học
121666,Đại học
104012,Đại học
131368,Đại học
103640,Dưới đại học
67702,Đại học
118163,Đại học
100313,Đại học
103102,Đại học
124941,Du học
125512,Đại học
117430,Đại học
123532,Đại học
3712,Đại học
101732,Đại học
1329,Đại học
108885,Dưới đại học
108404,Đại học
122736,Dưới đại học
62530,Đại học
102288,Dưới đại học
8523,Trên đại học
124927,Đại học
9750,Đại học
129383,Đại học
2746,Đại học
4792,Đại học
67603,Đại học
108489,Đại học
125001,Đại học
103783,Trên đại học
126785,Đại học
108629,Đại học
124004,Đại học
102104,Đại học
55461,Đại học
127422,Dưới đại học
107938,Đại học
112414,Đại học
113437,Đại học
124354,Đại học
124437,Đại học
123688,Đại học
130685,Đại học
33568,Dưới đại học
130034,Đại học
125277,Trên đại học
53169,Đại học
112434,Đại học
121706,Đại học
66695,Đại học
108493,Đại học
105848,Đại học
130273,
127802,Đại học
122113,Trên đại học
125554,Đại học
120478,Đại học
116264,Đại học
128689,Dưới đại học
4738,Trên đại học
108734,Đại học
119694,Đại học
81018,Đại học
93807,Dưới đại học
111070,Đại học
108622,Đại học
5788,Dưới đại học
2527,Đại học
99539,Đại học
108420,Dưới đại học
27184,Đại học
98,Trên đại học
127484,Đại học
53758,Đại học
116276,Đại học
39077,Đại học
54025,Đại học
159,Trên đại học
104057,Đại học
110103,Đại học
124775,Đại học
55500,Đại học
132136,Đại học
112642,Đại học
106040,
123241,Đại học
113696,Dưới đại học
8354,
93688,
111060,Đại học
134316,Dưới đại học
117748,Trên đại học
100720,Đại học
79531,Đại học
47288,Trên đại học
121455,Đại học
99342,Dưới đại học
114985,Đại học
123774,Đại học
117130,Đại học
61229,Đại học
15520,Đại học
102916,Dưới đại học
56417,Đại học
131008,Dưới đại học
116746,Đại học
129837,Đại học
126778,Đại học
62458,Dưới đại học
130060,Đại học
67074,Dưới đại học
99603,Đại học
195,Đại học
2614,Đại học
104344,Trên đại học
117122,Dưới đại học
108221,Đại học
62505,Đại học
118745,Đại học
119401,Đại học
102663,Đại học
99095,Đại học
8619,Trên đại học
99880,Đại học
6817,Đại học
104503,Đại học
107320,Đại học
107383,Đại học
111741,Đại học
93622,Đại học
123881,Trên đại học
5301,Dưới đại học
99553,Đại học
113612,Đại học
112190,Đại học
94072,Đại học
108092,Đại học
121642,Đại học
107975,Đại học
122612,Đại học
5326,Đại học
53131,Trên đại học
1247,Dưới đại học
108753,Đại học
99893,Đại học
56616,Đại học
124942,Đại học
2869,Đại học
108796,Dưới đại học
54202,Trên đại học
116061,Đại học
66713,Đại học
24701,Đại học
99433,Đại học
105700,Đại học
114237,Đại học
101952,Đại học
109157,Dưới đại học
4601,Đại học
106523,Đại học
3061,Đại học
8053,Đại học
93818,
34147,Đại học
4539,
113591,Trên đại học
111549,Dưới đại học
1914,Dưới đại học
121704,Đại học
3767,Dưới đại học
362,Trên đại học
127292,Đại học
130400,Đại học
129906,Đại học
122132,Dưới đại học
114977,Đại học
124432,Đại học
2624,Đại học
6674,Đại học
4075,Đại học
106970,Đại học
9490,Đại học
125350,Trên đại học
75216,Đại học
8994,Đại học
131341,Trên đại học
107047,Dưới đại học
114598,Đại học
119041,Đại học
99117,Đại học
133414,Đại học
104053,Trên đại học
3603,Dưới đại học
99592,Đại học
124945,Đại học
7707,Đại học
99250,Đại học
105849,Đại học
123844,Đại học
4600,
104436,
35233,Trên đại học
100118,Đại học
100310,Đại học
65623,Đại học
66345,Đại học
57691,Đại học
78367,Đại học
107836,Trên đại học
110539,Đại học
110819,Trên đại học
119916,Đại học
62500,Đại học
1441,Đại học
70,Dưới đại học
9338,Trên đại học
66078,Đại học
723,Dưới đại học
9774,Đại học
39947,Đại học
100877,Đại học
100775,Đại học
99671,Dưới đại học
125937,Đại học
128804,Đại học
106438,Đại học
126833,
98712,Dưới đại học
133,Đại học
4422,Đại học
36662,Dưới đại học
4603,Đại học
4277,Đại học
108415,Đại học
783,Đại học
94013,Đại học
102699,Dưới đại học
55843,Đại học
2225,Dưới đại học
54408,Đại học
67000,Đại học
125055,Đại học
93973,Đại học
116705,Đại học
105586,Đại học
127015,Đại học
128011,Trên đại học
126352,Đại học
125619,Đại học
134279,Đại học
108339,Đại học
9573,Dưới đại học
126470,Dưới đại học
66849,Đại học
102278,Đại học
98741,Đại học
131476,Đại học
124427,Đại học
107130,Dưới đại học
129575,Đại học
109397,Trên đại học
9130,Đại học
129278,Đại học
122130,Đại học
110167,Đại học
120508,Đại học
121494,Đại học
50790,Đại học
4640,Đại học
52250,Đại học
8513,Đại học
103484,Đại học
67487,Trên đại học
5002,Đại học
45872,Đại học
4927,Dưới đại học
115181,Đại học
4993,Dưới đại học
8169,Đại học
100224,Dưới đại học
12822,Đại học
65740,Đại học
130781,Đại học
129878,Trên đại học
128100,Dưới đại học
125991,Đại học
91797,Đại học
3910,Đại học
99941,Đại học
108737,Đại học
128905,Đại học
127237,Đại học
112157,Dưới đại học
118306,Dưới đại học
102329,Đại học
105215,Dưới đại học
99958,Đại học
110376,Đại học
8219,Đại học
5749,Đại học
99080,Đại học
102626,Dưới đại học
108664,Đại học
3590,Đại học
133276,Dưới đại học
103798,Trên đại học
8681,Đại học
126959,Dưới đại học
123071,Dưới đại học
102862,Dưới đại học
113173,Đại học
101000,Đại học
67108,Đại học
55186,Đại học
124086,Trên đại học
100675,Đại học
102658,Đại học
112475,Đại học
123563,Đại học
99789,Trên đại học
113171,Dưới đại học
768,Đại học
125964,Đại học
9348,Đại học
485,Trên đại học
77884,Đại học
3992,Đại học
63568,Đại học
110506,Đại học
108523,Đại học
67636,Đại học
4980,Trên đại học
66001,Đại học
122620,Dưới đại học
126624,Dưới đại học
55319,Đại học
92839,Dưới đại học
110451,Đại học
129178,Đại học
113181,Đại học
45993,Đại học
4958,Đại học
120425,Đại học
93397,Đại học
28465,Đại học
6798,Dưới đại học
6243,Đại học
9342,Đại học
66143,Đại học
2258,Đại học
6968,Đại học
101511,Đại học
66016,Đại học
5153,Đại học
1331,Đại học
2958,Đại học
130783,Đại học
126694,Dưới đại học
118750,Đại học
100395,Đại học
102784,Trên đại học
114827,Dưới đại học
116343,Du học
104208,Dưới đại học
9004,Đại học
6067,Trên đại học
105981,Đại học
105196,Đại học
55357,Đại học
131482,Đại học
93489,Đại học
120617,Dưới đại học
9782,Đại học
9761,Đại học
66376,Đại học
107209,Đại học
123108,Đại học
129763,Đại học
101142,Đại học
1239,Đại học
52856,Dưới đại học
136,Đại học
49827,Đại học
99509,Đại học
1585,Đại học
110039,Đại học
104285,Đại học
130944,Dưới đại học
108749,Dưới đại học
66625,Dưới đại học
35106,Đại học
3861,Đại học
111213,Dưới đại học
9470,Dưới đại học
67820,Đại học
98781,Trên đại học
121249,Dưới đại học
93563,Dưới đại học
5971,Dưới đại học
115948,Dưới đại học
110958,Đại học
66392,Dưới đại học
99800,Đại học
104853,Đại học
9218,Đại học
108604,Dưới đại học
9114,Đại học
107603,Đại học
59376,Đại học
99149,Đại học
105377,Đại học
105092,Dưới đại học
60049,Đại học
67120,Đại học
51016,Dưới đại học
49371,Đại học
54174,Đại học
99529,Dưới đại học
93691,Dưới đại học
8482,Đại học
26503,Trên đại học
132041,Du học
115545,Đại học
63183,Đại học
124101,Trên đại học
67215,Đại học
105033,Dưới đại học
3403,Trên đại học
116964,Đại học
128556,Trên đại học
98775,Đại học
75190,Đại học
66055,Đại học
122127,Dưới đại học
66857,Dưới đại học
1790,Đại học
75193,Dưới đại học
77018,Đại học
92959,Đại học
8108,Đại học
2549,Đại học
2704,
106209,Dưới đại học
25,Đại học
50,Đại học
9388,Trên đại học
120471,Trên đại học
129553,Dưới đại học
105074,Đại học
122884,Đại học
7083,Trên đại học
106573,Đại học
114765,Trên đại học
67628,Đại học
5217,Đại học
99462,Đại học
1685,Đại học
8982,Đại học
66464,Đại học
125032,Đại học
128057,Đại học
98889,Đại học
120082,Đại học
126549,Dưới đại học
55496,Đại học
8645,Đại học
5360,Đại học
66748,Trên đại học
108235,
107280,Đại học
66498,Đại học
122092,Đại học
102109,Đại học
8324,Đại học
102629,Đại học
51347,Đại học
103117,Đại học
106835,Đại học
124815,Đại học
7455,Đại học
3899,Đại học
1206,Đại học
73280,Đại học
67471,Đại học
74557,Đại học
55366,Dưới đại học
4278,Đại học
75988,Đại học
123954,Đại học
64212,Đại học
109215,Dưới đại học
103957,Đại học
125652,
9333,Đại học
129076,Đại học
66549,Đại học
67198,Trên đại học
57901,Đại học
8913,
131094,Dưới đại học
129379,Đại học
5574,Đại học
108778,Dưới đại học
66854,Đại học
120852,Đại học
108406,Đại học
53861,Đại học
103695,Đại học
126924,Đại học
125393,Đại học
126310,Dưới đại học
104097,Đại học
8222,
9165,Đại học
103014,Dưới đại học
103625,Đại học
796,Đại học
113734,Đại học
110040,Đại học
121894,Đại học
67721,Đại học
75228,Đại học
4703,Đại học
103363,Đại học
9745,Dưới đại học
67304,Đại học
8254,Đại học
110256,Dưới đại học
114908,Đại học
131881,
120878,Trên đại học
123775,Đại học
55389,Dưới đại học
81013,Đại học
99046,Đại học
92877,Đại học
9449,Đại học
52936,Dưới đại học
63577,Dưới đại học
103569,Đại học
6005,Trên đại học
128566,Đại học
112738,Đại học
100608,Đại học
77404,Dưới đại học
55432,Đại học
92053,Đại học
67248,Đại học
75670,Đại học
7849,Đại học
7522,
124045,Đại học
110876,Đại học
9646,Dưới đại học
103808,Trên đại học
128881,Đại học
112467,Dưới đại học
122826,Dưới đại học
4379,Đại học
127151,Đại học
67396,Đại học
103082,Dưới đại học
7458,Đại học
64140,Đại học
130323,Đại học
62401,Dưới đại học
104610,Dưới đại học
36631,Đại học
1033,Đại học
9502,Trên đại học
101040,Đại học
116927,Đại học
98306,
103469,Đại học
105837,Dưới đại học
121323,Trên đại học
109710,Đại học
941,Đại học
5013,Đại học
94056,Đại học
102538,Dưới đại học
67351,Đại học
99630,Đại học
116556,Đại học
104383,Đại học
108526,Dưới đại học
119858,Dưới đại học
99735,Đại học
126499,Đại học
105266,Đại học
110218,Dưới đại học
4279,Đại học
9489,Dưới đại học
105816,Trên đại học
111053,Đại học
55380,Đại học
67711,Đại học
67741,Đại học
110889,Dưới đại học
105005,Đại học
129641,Dưới đại học
101766,Dưới đại học
5582,Đại học
31025,Đại học
8119,Đại học
67502,Đại học
9780,Đại học
130670,Trên đại học
67115,Đại học
123505,Đại học
2943,Đại học
109574,Đại học
127160,
124738,Đại học
66601,Dưới đại học
99141,Đại học
41605,Dưới đại học
5905,Đại học
7403,Đại học
128719,Dưới đại học
4982,Đại học
54128,Đại học
101262,Dưới đại học
4024,Đại học
115341,Trên đại học
9073,Đại học
5677,Đại học
129936,Dưới đại học
124725,Dưới đại học
113039,Dưới đại học
4315,Trên đại học
127808,Đại học
113849,Dưới đại học
98575,Đại học
111858,Đại học
115884,Đại học
128816,Đại học
7303,Dưới đại học
5021,Đại học
131676,Đại học
131510,Trên đại học
103809,Đại học
92540,Đại học
123699,Đại học
99400,Đại học
67116,Đại học
107076,Đại học
106582,Đại học
103788,Trên đại học
3697,Đại học
6604,Đại học
7414,Dưới đại học
67514,Dưới đại học
65995,Đại học
112164,Đại học
67369,Đại học
102814,Đại học
54267,Dưới đại học
111661,Trên đại học
102709,Đại học
104945,Đại học
98949,Đại học
1862,Đại học
67616,Đại học
48180,Đại học
67736,Đại học
3857,Đại học
64073,Dưới đại học
102063,Đại học
124340,Đại học
93805,Dưới đại học
98768,Dưới đại học
83291,Đại học
67201,Dưới đại học
8924,Đại học
8139,Đại học
119681,Đại học
93281,Đại học
98773,Dưới đại học
113038,Đại học
103094,Đại học
103567,Dưới đại học
130276,Đại học
124027,Đại học
128440,Dưới đại học
99037,Đại học
114468,Đại học
66784,Đại học
115862,Trên đại học
4822,Đại học
9401,Đại học
5435,Đại học
67494,Đại học
119958,Đại học
703,Đại học
102984,Đại học
98729,Đại học
65948,Dưới đại học
4700,Đại học
2278,Đại học
2442,Đại học
102310,Đại học
65981,Dưới đại học
130095,Đại học
99963,Đại học
8976,Đại học
75729,Đại học
129944,Đại học
66256,
104866,Dưới đại học
122345,Dưới đại học
104715,Dưới đại học
54234,Đại học
128289,Đại học
99664,Đại học
54279,Đại học
98266,Đại học
123100,Đại học
121605,
3997,Dưới đại học
102328,Đại học
125825,Đại học
8806,Dưới đại học
111339,Trên đại học
109060,Dưới đại học
98608,Trên đại học
126331,Đại học
3916,Đại học
4691,Đại học
66651,Đại học
46212,Đại học
7780,Dưới đại học
66118,Đại học
121429,Đại học
121495,Đại học
51536,Dưới đại học
7463,Dưới đại học
103349,Đại học
55363,Đại học
74620,Đại học
110795,Đại học
99727,
111599,Đại học
101306,Đại học
65977,Đại học
9087,Đại học
53345,Đại học
120594,Đại học
64698,Đại học
53986,Đại học
9526,Đại học
47477,Đại học
3544,Đại học
121611,Đại học
9085,Đại học
103797,Dưới đại học
121073,Đại học
124777,Đại học
112538,Đại học
134535,Trên đại học
82081,Đại học
111808,Dưới đại học
66614,Dưới đại học
48356,Đại học
102375,Đại học
129628,Dưới đại học
107376,Đại học
9328,
104316,Đại học
106041,Đại học
116993,Đại học
66133,Đại học
2540,Dưới đại học
101533,Đại học
1062,Đại học
127999,Đại học
102406,Đại học
128792,Đại học
66640,Đại học
106309,Dưới đại học
109529,Đại học
62858,Dưới đại học
80608,Trên đại học
8087,Đại học
131763,
131592,
106485,Dưới đại học
109805,Dưới đại học
122198,Đại học
4893,Đại học
118628,Đại học
126414,Đại học
48460,Đại học
131903,Đại học
118826,Đại học
109229,Đại học
112017,Đại học
129605,Dưới đại học
1560,Đại học
65157,Đại học
9064,Đại học
119020,Dưới đại học
103369,Trên đại học
100747,Đại học
124560,Đại học
129036,Đại học
107760,Đại học
67411,Dưới đại học
67367,Dưới đại học
107747,Đại học
103324,Dưới đại học
128632,Đại học
124873,Dưới đại học
67753,Trên đại học
104392,Đại học
128161,Dưới đại học
99464,Đại học
9093,
8508,Đại học
92925,Đại học
99268,Dưới đại học
131579,Dưới đại học
129092,Đại học
54328,Đại học
132933,Đại học
82297,Đại học
107711,Đại học
114049,
44788,Dưới đại học
4815,Đại học
54181,Đại học
107111,Đại học
131385,Đại học
98713,Đại học
128932,Trên đại học
102889,Đại học
109214,Dưới đại học
117164,Trên đại học
9005,Dưới đại học
102461,Đại học
117690,Trên đại học
67631,Đại học
112435,Đại học
124905,Đại học
117941,Đại học
106864,
129615,Đại học
124872,Đại học
93487,Đại học
107619,Dưới đại học
119303,Đại học
49559,Đại học
121364,Dưới đại học
111238,Dưới đại học
131664,Dưới đại học
76859,Đại học
103814,Đại học
3069,Đại học
102927,Dưới đại học
5177,Đại học
7096,Đại học
117792,Đại học
106560,Đại học
67090,Đại học
130461,Trên đại học
13795,Đại học
4336,Trên đại học
125730,Đại học
122128,Dưới đại học
129180,Đại học
113617,Đại học
113206,Đại học
9296,Trên đại học
67756,Dưới đại học
98594,Đại học
52781,Đại học
65793,Đại học
54269,Đại học
98679,Dưới đại học
102591,Đại học
82013,Dưới đại học
116802,Đại học
8933,Đại học
53865,Đại học
66095,Dưới đại học
120881,
67464,Đại học
117544,Đại học
116213,Đại học
7833,Trên đại học
6088,Đại học
9402,Trên đại học
5428,Trên đại học
6318,Đại học
60285,Đại học
9379,Đại học
122301,Trên đại học
66714,Đại học
122638,Dưới đại học
113139,Trên đại học
67174,Đại học
113372,Đại học
8597,Đại học
5637,Đại học
2953,Trên đại học
66837,Trên đại học
111073,Đại học
67473,Đại học
123176,Dưới đại học
112916,Đại học
113858,Đại học
66356,Dưới đại học
2501,Đại học
107699,Đại học
67004,Trên đại học
53899,Đại học
4397,Đại học
129250,Dưới đại học
104247,Dưới đại học
130733,Đại học
107577,Đại học
3102,Đại học
55499,Đại học
106416,Dưới đại học
92848,Dưới đại học
4672,Đại học
9487,Đại học
119635,Đại học
102622,Đại học
4961,Đại học
126215,Dưới đại học
112949,Đại học
117357,Đại học
103725,Đại học
112592,Đại học
107063,
3329,Đại học
111839,Đại học
67176,Đại học
98791,Trên đại học
4418,Đại học
4441,Đại học
113194,Đại học
65911,Đại học
57745,Đại học
67401,Đại học
55652,Trên đại học
113650,Đại học
105807,Dưới đại học
2397,Đại học
105227,Dưới đại học
1899,Đại học
66699,Đại học
67102,Du học
107445,
54020,Đại học
4363,Đại học
8587,Đại học
93880,Dưới đại học
113077,Đại học
8111,Trên đại học
73147,Đại học
101819,Đại học
55384,Đại học
126443,Dưới đại học
47943,Đại học
116588,Đại học
9074,Đại học
111008,Đại học
91983,Trên đại học
53371,Trên đại học
66122,Đại học
103878,Đại học
57719,Đại học
81888,Đại học
91790,Dưới đại học
66711,Trên đại học
102650,Dưới đại học
8771,Dưới đại học
51751,Đại học
67228,Đại học
99873,Đại học
99845,Đại học
1074,Đại học
104039,Dưới đại học
834,Đại học
104852,Đại học
50979,Đại học
58086,Đại học
2357,Dưới đại học
113586,Đại học
100012,Đại học
9596,Dưới đại học
117201,Dưới đại học
110583,Trên đại học
129701,Đại học
127352,Dưới đại học
2507,Trên đại học
108999,Dưới đại học
4790,Đại học
8082,Dưới đại học
102528,Đại học
129507,Đại học
8503,Dưới đại học
2699,Đại học
40781,Dưới đại học
105817,Đại học
99627,Đại học
82464,Dưới đại học
126370,Dưới đại học
82336,Đại học
5672,Đại học
44029,Dưới đại học
79934,Đại học
5454,Đại học
98853,Đại học
4835,Đại học
52229,Đại học
9412,Đại học
115581,Dưới đại học
55209,Đại học
2960,Đại học
114296,Đại học
121324,Dưới đại học
59173,Đại học
103849,Dưới đại học
3840,Dưới đại học
67205,Dưới đại học
2701,Đại học
791,Đại học
9446,Đại học
8907,Dưới đại học
115173,Trên đại học
102182,Đại học
107850,Dưới đại học
7769,Đại học
131583,Dưới đại học
111093,Đại học
8092,Đại học
123133,Đại học
115990,Dưới đại học
102739,Đại học
121939,Dưới đại học
121916,Dưới đại học
7173,Đại học
45978,Đại học
9465,Dưới đại học
52179,Đại học
66490,Đại học
3284,Dưới đại học
124800,Dưới đại học
63553,Đại học
67101,Đại học
66012,Đại học
67096,Dưới đại học
7843,Dưới đại học
102138,Dưới đại học
54074,Đại học
103655,Đại học
59262,Đại học
63817,Đại học
100369,Dưới đại học
126028,Đại học
75219,Trên đại học
103701,Đại học
119967,Dưới đại học
94021,Dưới đại học
54042,
122947,Dưới đại học
100730,Trên đại học
120133,Đại học
4996,Đại học
8047,
110344,Dưới đại học
118969,Đại học
107239,Đại học
124288,Trên đại học
101083,Trên đại học
5073,Đại học
43499,Đại học
131582,Dưới đại học
76995,Dưới đại học
122131,Đại học
1398,Đại học
115352,Trên đại học
81212,Đại học
1365,Dưới đại học
121819,Dưới đại học
107011,Dưới đại học
108450,Dưới đại học
51716,Đại học
8340,Dưới đại học
67629,Đại học
4681,Đại học
102352,Đại học
67328,Đại học
60734,Đại học
66071,Dưới đại học
65926,Đại học
2538,Đại học
67443,Đại học
55307,
101562,Dưới đại học
67373,Trên đại học
59380,Đại học
36431,Đại học
4809,Đại học
25939,Đại học
9301,
3362,Đại học
58971,Đại học
123331,Dưới đại học
7405,Dưới đại học
104013,Trên đại học
104535,Đại học
9162,Dưới đại học
101900,Dưới đại học
2411,Đại học
92609,Dưới đại học
1449,Đại học
98745,Dưới đại học
124544,Dưới đại học
4908,Đại học
131295,Đại học
49837,Dưới đại học
24477,Đại học
128860,Đại học
106375,Đại học
121984,Đại học
92212,Dưới đại học
105088,Dưới đại học
129191,Đại học
102751,Dưới đại học
8497,Đại học
104846,Dưới đại học
104217,Dưới đại học
98697,Đại học
124,Dưới đại học
119772,Dưới đại học
76543,Dưới đại học
102586,Đại học
37144,Dưới đại học
122990,Dưới đại học
60279,Trên đại học
129992,Đại học
123267,Đại học
100364,Dưới đại học
126667,Đại học
107097,Đại học
108217,
121920,Dưới đại học
108938,Đại học
3512,Đại học
113121,Đại học
130435,Trên đại học
101580,Trên đại học
104314,Dưới đại học
132984,Đại học
51902,Đại học
74297,Trên đại học
66076,Đại học
115736,Dưới đại học
123695,Dưới đại học
125824,Dưới đại học
112264,Dưới đại học
67767,Đại học
118310,Dưới đại học
110690,Dưới đại học
109548,Đại học
126605,Dưới đại học
114828,Dưới đại học
113089,Dưới đại học
118367,Đại học
120157,Dưới đại học
9772,Đại học
115830,Dưới đại học
1374,Đại học
126911,Dưới đại học
126604,Dưới đại học
7339,
111168,Đại học
131739,Đại học
125608,Trên đại học
104816,Đại học
120491,Đại học
108194,Đại học
108145,Đại học
108225,Đại học
113588,Đại học
131804,Dưới đại học
131562,Dưới đại học
66654,Đại học
52371,Đại học
38338,Dưới đại học
52184,Đại học
53907,Dưới đại học
105918,Đại học
102475,Dưới đại học
105233,Dưới đại học
107151,Dưới đại học
129344,Dưới đại học
9429,
61231,Đại học
104045,
102856,Dưới đại học
131580,Dưới đại học
106314,
100397,Đại học
5640,Đại học
113769,Dưới đại học
129333,Đại học
131599,Đại học
131600,Dưới đại học
131656,Đại học
131516,Đại học
106205,Dưới đại học
67685,Dưới đại học
67670,Dưới đại học
55180,Dưới đại học
5081,Đại học
102424,
131493,Dưới đại học
131683,Dưới đại học
131578,Đại học
119775,Đại học
100117,Trên đại học
99221,Đại học
93604,Trên đại học
66642,Dưới đại học
5198,Đại học
105090,Dưới đại học
103200,Dưới đại học
66088,Đại học
2775,Dưới đại học
65929,Đại học
99850,Đại học
3729,Đại học
92828,Dưới đại học
5287,Đại học
108148,Đại học
126606,Dưới đại học
115563,Đại học
105029,Dưới đại học
103136,Đại học
120384,Đại học
130428,Dưới đại học
131428,Dưới đại học
66240,Dưới đại học
67688,Dưới đại học
66876,Dưới đại học
113138,Đại học
108775,Dưới đại học
79137,Dưới đại học
99643,Đại học
99319,Trên đại học
112883,Đại học
103890,Đại học
57100,Đại học
5358,Dưới đại học
107129,Đại học
111681,Dưới đại học
99618,Đại học
67406,Đại học
121052,Dưới đại học
102476,Dưới đại học
109221,Dưới đại học
55614,Đại học
101972,Đại học
123608,Dưới đại học
8204,Đại học
9393,Dưới đại học
65618,Dưới đại học
112650,Dưới đại học
101455,Đại học
123072,Đại học
114535,Đại học
67728,Dưới đại học
109882,Dưới đại học
67786,Đại học
108044,Dưới đại học
120047,Đại học
114539,Dưới đại học
111233,Dưới đại học
72833,Dưới đại học
112205,
104085,Đại học
53965,Đại học
101003,Dưới đại học
126422,Dưới đại học
3837,Đại học
53881,Đại học
93018,Dưới đại học
112825,Du học
122336,Đại học
106878,Dưới đại học
102426,Dưới đại học
112229,Đại học
58324,Đại học
113438,Đại học
64467,Đại học
65855,Dưới đại học
66289,Đại học
67491,Đại học
113756,Đại học
98723,Đại học
122468,Đại học
122567,Dưới đại học
112159,Dưới đại học
99506,Dưới đại học
130740,Đại học
124743,Dưới đại học
114769,Dưới đại học
67446,Dưới đại học
121181,Đại học
66477,Đại học
9767,Đại học
66299,Đại học
66593,Dưới đại học
109609,Dưới đại học
129994,Đại học
9109,
872,Đại học
108350,Đại học
112307,Dưới đại học
53671,Đại học
102175,Dưới đại học
5873,
54600,Dưới đại học
102183,Đại học
40937,Dưới đại học
100362,Đại học
9496,Dưới đại học
102627,Dưới đại học
79652,Đại học
103972,Đại học
79891,Dưới đại học
99948,Đại học
37339,Đại học
126887,Dưới đại học
2660,Đại học
107110,Đại học
53612,Đại học
98824,Trên đại học
93450,Đại học
6773,Dưới đại học
112227,Đại học
122798,Đại học
103514,Trên đại học
67589,Trên đại học
110086,Trên đại học
109962,Dưới đại học
108767,Dưới đại học
107614,Dưới đại học
73535,Đại học
94011,Dưới đại học
83514,Đại học
66848,Đại học
113250,Dưới đại học
113082,Dưới đại học
55275,Dưới đại học
112367,Đại học
111646,Dưới đại học
55368,Đại học
63655,Trên đại học
105803,Đại học
104555,Dưới đại học
104608,Dưới đại học
98634,Đại học
67138,Đại học
104955,Dưới đại học
114085,Đại học
62721,Đại học
755,Đại học
46861,Đại học
67158,Đại học
2751,Đại học
113290,Đại học
108564,Đại học
129968,Đại học
105283,Dưới đại học
113887,Dưới đại học
66427,Đại học
1349,Đại học
102850,Dưới đại học
9169,Đại học
67169,Đại học
130601,Dưới đại học
105877,Dưới đại học
920,Dưới đại học
126638,Dưới đại học
55896,Đại học
67752,Trên đại học
106528,Đại học
117716,Đại học
103415,Đại học
103651,Đại học
101730,Đại học
99656,Đại học
106564,Đại học
101077,Đại học
98950,Đại học
106176,Trên đại học
5258,
51450,Đại học
4582,Trên đại học
113939,Dưới đại học
112662,Dưới đại học
112485,Dưới đại học
122272,Dưới đại học
66254,
94012,Dưới đại học
6557,Đại học
111485,Đại học
100047,Dưới đại học
115751,Đại học
104673,Trên đại học
99011,Trên đại học
105067,Đại học
103922,Dưới đại học
9606,Đại học
109190,Dưới đại học
117654,Dưới đại học
25186,Dưới đại học
7569,Đại học
102640,Đại học
67047,Đại học
125648,Dưới đại học
715,Dưới đại học
56627,Dưới đại học
104930,Đại học
1766,Đại học
99392,Trên đại học
9604,Dưới đại học
53712,Đại học
8100,kỹsư
101808,Dưới đại học
67650,Trên đại học
115858,Dưới đại học
1865,Đại học
3768,Đại học
52504,Đại học
115379,Dưới đại học
67439,Dưới đại học
7822,Đại học
74517,Đại học
46387,Đại học
7499,Đại học
117044,Dưới đại học
114760,Đại học
113187,Đại học
103028,Đại học
4947,Đại học
7592,
7255,Đại học
7839,
65425,Đại học
73209,
6750,Đại học
8519,Đại học
99612,Đại học
103940,Đại học
66770,Đại học
5415,Đại học
7791,Đại học
57306,Đại học
55763,Đại học
64407,Đại học
53667,Dưới đại học
130278,Đại học
8573,Đại học
9189,Đại học
5106,Dưới đại học
9225,Đại học
108605,Đại học
111376,Đại học
67403,Đại học
122180,Đại học
99541,Đại học
104185,Dưới đại học
100504,Dưới đại học
4696,Dưới đại học
106283,Đại học
104420,Dưới đại học
7555,Đại học
61070,Đại học
64030,Đại học
7747,
99352,Dưới đại học
41065,Đại học
59391,Đại học
82822,Dưới đại học
55313,Đại học
111700,Dưới đại học
94005,Đại học
7949,Đại học
67346,Đại học
53089,Đại học
101304,Đại học
30203,Đại học
101629,
106974,Dưới đại học
67361,Dưới đại học
105261,Dưới đại học
53453,Đại học
102598,Đại học
101896,Đại học
30025,Đại học
6427,Dưới đại học
99540,Đại học
99133,
913,Dưới đại học
4952,Đại học
35725,Dưới đại học
101647,Dưới đại học
103184,Dưới đại học
111660,Đại học
94010,Dưới đại học
108249,Dưới đại học
1656,Đại học
67689,Dưới đại học
66250,Đại học
67480,Trên đại học
103169,Dưới đại học
75215,Đại học
65198,Dưới đại học
53536,Đại học
98591,Trên đại học
78661,Dưới đại học
113183,Đại học
83429,Dưới đại học
67179,Dưới đại học
112882,Dưới đại học
102630,Dưới đại học
121594,Dưới đại học
110888,Đại học
67027,Đại học
99581,Trên đại học
60499,Đại học
105983,Dưới đại học
1294,Đại học
98852,Đại học
60520,Dưới đại học
103244,Dưới đại học
103260,Dưới đại học
66759,Đại học
64588,Dưới đại học
108803,Dưới đại học
1403,Đại học
67388,Đại học
9353,
47228,Dưới đại học
108602,Đại học
3482,Đại học
66763,Dưới đại học
101248,Dưới đại học
7094,Dưới đại học
112134,Đại học
98876,Đại học
98877,Đại học
5516,Đại học
92701,Đại học
67394,Đại học
59862,Đại học
102079,Trên đại học
99672,Đại học
103906,Dưới đại học
113765,Dưới đại học
66038,Đại học
7640,Đại học
93582,Đại học
67087,Đại học
101357,Trên đại học
61701,Đại học
75499,Dưới đại học
66847,
960,Đại học
67498,Đại học
110599,Đại học
92427,Đại học
50601,Dưới đại học
4992,Đại học
66444,Đại học
9647,Đại học
104685,Dưới đại học
114748,Dưới đại học
100298,Đại học
63626,Dưới đại học
111870,Dưới đại học
49562,Đại học
103077,Dưới đại học
74112,Đại học
105480,Trên đại học
113747,Dưới đại học
54108,Đại học
115905,Dưới đại học
52792,Đại học
82294,Dưới đại học
67350,Đại học
120540,Đại học
67171,Dưới đại học
1000,Dưới đại học
129688,Đại học
65147,Dưới đại học
2578,Đại học
80249,Dưới đại học
112243,
99711,Đại học
66026,Dưới đại học
29782,Đại học
67776,Dưới đại học
9451,Đại học
113711,
52231,Đại học
98344,Trên đại học
59121,Dưới đại học
47302,Đại học
65962,Đại học
120081,Đại học
52748,Đại học
9389,
66677,Đại học
98733,Đại học
7160,Đại học
3289,Đại học
74337,Dưới đại học
4411,Dưới đại học
108267,Dưới đại học
66203,Dưới đại học
102705,Đại học
91819,Trên đại học
58948,Đại học
66233,Dưới đại học
9014,Dưới đại học
64684,Đại học
67192,Đại học
118337,Dưới đại học
117511,Dưới đại học
4571,Dưới đại học
64324,Dưới đại học
9370,Đại học
112015,Đại học
65941,Đại học
67223,Trên đại học
66294,Dưới đại học
98813,Đại học
81458,Đại học
56501,Dưới đại học
79183,Đại học
62398,Đại học
101615,Đại học
63581,Đại học
3446,Đại học
42151,Dưới đại học
67225,Đại học
67521,Dưới đại học
9099,
7818,Dưới đại học
66124,Dưới đại học
9116,
67114,Đại học
108626,Đại học
115677,Dưới đại học
57198,Dưới đại học
63308,Đại học
54367,Trên đại học
52147,Dưới đại học
103528,
66684,Dưới đại học
103557,Dưới đại học
110873,Đại học
99405,Dưới đại học
66052,Đại học
103832,Đại học
104949,Dưới đại học
66251,
52966,Dưới đại học
17164,Đại học
7834,
9001,Đại học
66921,Dưới đại học
99803,Đại học
79888,Đại học
65005,Đại học
104014,Đại học
104313,Đại học
92886,Trên đại học
8889,
62750,Đại học
7868,Đại học
99247,Đại học
99736,Đại học
6930,Dưới đại học
67665,Đại học
53608,Đại học
102584,Đại học
52365,Dưới đại học
9423,Trên đại học
4806,Đại học
1592,Đại học
66957,Đại học
105379,Đại học
67092,Đại học
17842,Đại học
9356,Dưới đại học
103195,Dưới đại học
111473,Đại học
102508,Trên đại học
124312,Đại học
122374,Đại học
102952,Dưới đại học
8551,Đại học
58726,
8899,Đại học
66082,Dưới đại học
66027,Đại học
105007,Đại học
66470,Đại học
93690,Dưới đại học
119396,Dưới đại học
120722,Du học
66213,Đại học
75102,Đại học
110832,Đại học
67210,
7770,
4288,Dưới đại học
7829,Dưới đại học
66936,Đại học
77948,Dưới đại học
65357,
106942,Dưới đại học
65802,Đại học
66898,Đại học
111243,Dưới đại học
102230,Dưới đại học
115726,Đại học
123085,
9733,Đại học
5995,Đại học
67277,Đại học
102389,Trên đại học
67048,Đại học
8883,
74751,Đại học
4240,
66917,Dưới đại học
107746,Đại học
107084,Dưới đại học
67130,Đại học
66298,Dưới đại học
108707,
109206,Đại học
66722,Dưới đại học
67249,Đại học
103268,Dưới đại học
106321,Dưới đại học
9009,
8865,Dưới đại học
67188,Dưới đại học
67382,Dưới đại học
53605,Đại học
66391,Dưới đại học
3951,Dưới đại học
66068,Dưới đại học
3725,Dưới đại học
62453,Đại học
4051,Dưới đại học
121484,Dưới đại học
66658,Đại học
9230,Đại học
66145,Đại học
83300,Đại học
63670,Đại học
2868,Dưới đại học
65928,Đại học
105051,Đại học
67137,
106989,Dưới đại học
66270,Đại học
65210,Đại học
103105,Đại học
59274,Dưới đại học
53095,Đại học
65724,Dưới đại học
5737,Dưới đại học
66591,Đại học
93680,Đại học
54197,Đại học
937,Đại học
99988,Đại học
67260,Đại học
67320,Đại học
66835,Đại học
67111,Đại học
98313,Dưới đại học
77572,Đại học
9654,Dưới đại học
77531,Đại học
7519,Trên đại học
111470,Đại học
67194,Dưới đại học
39858,Đại học
29999,Đại học
2853,Dưới đại học
53229,Dưới đại học
108516,Đại học
5412,Trên đại học
100326,Đại học
101247,Dưới đại học
5388,Dưới đại học
53695,Dưới đại học
1928,Đại học
66648,Dưới đại học
37338,Trên đại học
67431,Đại học
65903,Đại học
6928,Trên đại học
53443,Đại học
93837,Trên đại học
27619,Dưới đại học
49699,Đại học
8419,Trên đại học
54249,Đại học
12820,Đại học
2499,Đại học
4967,Trên đại học
4270,Đại học
31985,Đại học
100018,Đại học
107623,Đại học
9185,Dưới đại học
65894,Đại học
66958,Trên đại học
60940,Đại học
66013,Dưới đại học
56384,Đại học
65715,Dưới đại học
66791,Trên đại học
67091,Đại học
5016,Đại học
3264,Trên đại học
893,Dưới đại học
9578,Đại học
67117,Đại học
66074,Dưới đại học
8001,Trên đại học
7456,Dưới đại học
5086,Đại học
66478,Trên đại học
44503,Đại học
50317,Đại học
66954,Dưới đại học
67353,Dưới đại học
4226,Đại học
37262,Đại học
104295,Dưới đại học
8376,Đại học
53630,Đại học
3240,Dưới đại học
59235,Đại học
1828,Đại học
65869,Dưới đại học
7674,Đại học
10507,Đại học
2571,Đại học
66668,Đại học
66248,Đại học
66119,Trên đại học
66139,Dưới đại học
577,Đại học
8911,Đại học
66802,Đại học
102614,Dưới đại học
4409,Đại học
99059,Đại học
105697,Trên đại học
92326,Đại học
3368,Đại học
9277,
98726,Đại học
1423,Đại học
1420,Đại học
48244,Đại học
5457,Đại học
101017,Trên đại học
98730,Đại học
5256,Đại học
66366,Đại học
4284,Đại học
9634,Đại học
67395,Đại học
26171,Đại học
8754,Đại học
9362,Đại học
9438,Trên đại học
8888,Đại học
3065,Dưới đại học
7900,Trên đại học
3206,Đại học
4643,Đại học
9219,
6711,Đại học
98767,Đại học
93519,Dưới đại học
1700,Trên đại học
47616,Đại học
2469,Trên đại học
60021,Đại học
99054,Dưới đại học
66788,Đại học
8356,Dưới đại học
75854,Trên đại học
8934,Dưới đại học
58584,Đại học
93946,Đại học
115242,Đại học
110997,Trên đại học
99353,Đại học
131519,Đại học
131477,Đại học
131661,Dưới đại học
2485,Trên đại học
66738,Đại học
8926,Đại học
2413,Đại học
67821,Đại học
7956,Đại học
66616,Đại học
2295,Đại học
66247,Dưới đại học
7596,Dưới đại học
50181,Đại học
60134,Đại học
67238,Dưới đại học
98792,Đại học
7691,
102666,Dưới đại học
73771,Đại học
107700,
92634,Đại học
102965,Trên đại học
9269,Trên đại học
8373,Dưới đại học
9034,Đại học
130023,Đại học
134603,Đại học
57873,Đại học
1088,Trên đại học
79374,Đại học
103749,Dưới đại học
5777,Dưới đại học
67025,Đại học
82919,Dưới đại học
2387,Dưới đại học
66274,Dưới đại học
99143,Dưới đại học
8842,Dưới đại học
3835,Dưới đại học
67365,Đại học
65967,Dưới đại học
107085,Dưới đại học
60261,Đại học
105109,Dưới đại học
41028,Dưới đại học
66659,Dưới đại học
8628,Đại học
65561,Đại học
66336,Đại học
7474,Dưới đại học
4449,Đại học
73629,Đại học
75324,Đại học
79034,Đại học
1098,Trên đại học
3897,
66824,Dưới đại học
58443,Đại học
66991,Dưới đại học
4130,Đại học
77623,Đại học
99048,Đại học
58916,Đại học
8203,Đại học
62303,Đại học
6300,Dưới đại học
3052,Đại học
9609,Dưới đại học
67151,Dưới đại học
45203,Dưới đại học
66195,Trên đại học
75329,Đại học
4853,Trên đại học
67204,Đại học
67496,Trên đại học
9347,Dưới đại học
8828,Dưới đại học
2729,Đại học
46135,Dưới đại học
7302,Đại học
73628,Đại học
7695,Trên đại học
9371,Dưới đại học
65946,Dưới đại học
66395,Đại học
8152,Dưới đại học
37983,Đại học
65898,Dưới đại học
9303,Dưới đại học
78767,Trên đại học
66843,Dưới đại học
7896,Đại học
58747,Dưới đại học
48787,Đại học
4801,Dưới đại học
66221,Dưới đại học
7445,Đại học
3967,Dưới đại học
63554,Dưới đại học
51828,Đại học
38,Đại học
67018,Đại học
3033,Đại học
5158,Dưới đại học
100363,Đại học
8609,Đại học
66020,Đại học
67235,Dưới đại học
75698,Đại học
50253,Đại học
8922,Dưới đại học
79381,Đại học
7619,Trên đại học
5284,Đại học
7343,Đại học
780,Đại học
1564,Dưới đại học
9092,Dưới đại học
9742,Đại học
53757,
66237,Trên đại học
6360,Đại học
63561,Đại học
9473,Dưới đại học
62394,Đại học
8906,Đại học
7467,Đại học
8919,Đại học
4679,Đại học
5294,Dưới đại học
5196,Đại học
3020,Đại học
61204,Đại học
5180,
49159,Đại học
9581,Đại học
77599,Đại học
9885,Đại học
3231,Đại học
1622,Dưới đại học
8347,Dưới đại học
711,Đại học
8095,Đại học
66883,Đại học
45117,Đại học
60816,
8943,Dưới đại học
53335,Đại học
44842,Trên đại học
9251,Đại học
65734,Đại học
67243,Dưới đại học
134331,
