ID,height
127943,165.0
128418,15.5
128304,150.0
129898,178.0
133794,163.0
133986,158.0
124255,172.0
125069,165.0
128995,155.0
133658,180.0
122371,164.0
132507,165.0
127832,156.0
123555,157.0
128108,155.0
107871,15.4
124273,153.0
134005,163.0
123791,168.0
128606,161.0
126288,159.0
125569,150.0
124355,159.0
131268,156.0
128295,153.0
3560,
129586,160.0
127567,150.0
108303,165.0
127412,158.0
133778,165.0
132314,165.0
129018,155.0
832,170.0
102759,159.0
130173,158.0
130521,166.0
122370,167.0
66034,169.0
125121,155.0
131117,162.0
126876,165.0
108573,170.0
132475,155.0
128706,157.0
125474,165.0
124059,162.0
121398,158.0
127610,155.0
124599,160.0
127259,157.0
128910,150.0
128514,150.0
131338,160.0
121437,152.0
112736,160.0
109737,160.0
131959,156.0
133932,161.0
9615,173.0
123239,160.0
130439,163.0
129128,174.0
127982,163.0
121580,164.0
124918,160.0
126220,159.0
133066,160.0
124911,160.0
127114,154.0
9464,160.0
132513,160.0
122446,153.0
132805,163.0
126344,158.0
126037,171.0
131689,152.0
127945,158.0
127508,162.0
132941,170.0
122658,155.0
128791,158.0
124915,160.0
134150,160.0
131702,172.0
129637,169.0
109155,15.4
122769,163.0
124692,159.0
132479,165.0
125072,163.0
126885,170.0
122516,158.0
112854,164.0
122908,162.0
128473,152.0
52687,170.0
124876,160.0
129381,159.0
120156,158.0
120597,
98817,175.0
122098,160.0
133417,161.0
128537,170.0
120417,170.0
122474,155.0
124708,156.0
125296,170.0
130420,165.0
64316,170.0
122449,160.0
123379,158.0
127498,165.0
133270,168.5
127320,170.0
121002,170.0
128012,162.0
127063,158.0
134067,160.0
128345,175.0
124155,171.0
124484,163.0
124572,167.0
4378,158.0
131289,170.0
116303,168.0
93753,158.0
121807,167.0
101622,161.0
103704,154.0
124901,163.0
109029,158.0
102583,168.0
118458,152.0
61704,173.0
123789,164.0
125210,165.0
133588,167.0
110285,16.0
119633,168.0
102587,168.0
100246,172.0
106895,170.0
125890,156.0
9472,170.0
5267,167.0
134531,160.0
104948,160.0
119660,170.0
127233,160.0
65878,173.0
109601,168.0
112101,17.2
132827,16.299999999999997
131923,160.0
128567,160.0
117830,17.9
121575,163.0
127260,166.0
122825,168.0
110532,170.0
127752,163.0
124799,
124967,155.0
124298,160.0
121666,156.0
104012,176.0
131368,170.0
103640,167.0
67702,160.0
118163,160.0
100313,170.0
103102,161.0
124941,152.0
125512,168.0
117430,170.0
123532,16.8
3712,165.0
101732,165.0
1329,172.0
108885,170.0
108404,150.0
122736,162.0
62530,163.0
102288,167.0
8523,168.0
124927,152.0
9750,168.0
129383,169.0
2746,175.0
4792,173.0
67603,160.0
108489,155.0
125001,165.0
103783,160.0
126785,15.6
108629,158.0
124004,160.0
102104,164.0
55461,165.0
127422,16.0
107938,163.0
112414,173.0
113437,162.0
124354,165.0
124437,157.0
123688,
130685,170.0
33568,165.0
130034,158.0
125277,152.0
53169,150.0
112434,154.0
121706,16.4
66695,173.0
108493,170.0
105848,170.0
130273,170.0
127802,152.0
122113,180.0
125554,150.0
120478,166.0
116264,166.0
128689,168.0
4738,169.0
108734,161.0
119694,170.0
81018,160.0
93807,154.0
111070,177.0
108622,170.0
5788,162.0
2527,163.0
99539,168.0
108420,170.0
27184,168.0
98,172.0
127484,155.0
53758,162.0
116276,165.0
39077,166.0
54025,170.0
159,174.0
104057,160.0
110103,160.0
124775,158.0
55500,165.0
132136,168.0
112642,170.0
106040,160.0
123241,160.0
113696,177.0
8354,172.0
93688,168.0
111060,168.0
134316,165.0
117748,168.0
100720,173.0
79531,165.0
47288,165.0
121455,167.0
99342,165.0
114985,168.0
123774,165.0
117130,170.0
61229,167.0
15520,163.0
102916,168.0
56417,170.0
131008,167.0
116746,176.0
129837,165.0
126778,168.0
62458,170.0
130060,170.0
67074,175.0
99603,168.0
195,172.0
2614,158.0
104344,165.0
117122,163.0
108221,17.0
62505,166.0
118745,158.0
119401,160.0
102663,175.0
99095,158.0
8619,16.8
99880,158.0
6817,155.0
104503,156.0
107320,163.0
107383,180.0
111741,172.0
93622,158.0
123881,165.0
5301,165.0
99553,155.0
113612,156.0
112190,170.0
94072,17.2
108092,154.0
121642,173.0
107975,153.0
122612,178.0
5326,156.0
53131,167.0
1247,153.0
108753,16.599999999999998
99893,158.0
56616,17.5
124942,167.0
2869,164.0
108796,165.0
54202,17.0
116061,156.0
66713,15.4
24701,180.0
99433,174.0
105700,163.0
114237,159.0
101952,155.0
109157,154.0
4601,167.0
106523,168.0
3061,168.0
8053,171.0
93818,160.0
34147,186.0
4539,170.0
113591,170.0
111549,160.0
1914,145.0
121704,170.0
3767,177.0
362,16.200000000000003
127292,167.0
130400,173.0
129906,155.0
122132,150.0
114977,152.0
124432,164.0
2624,168.0
6674,152.0
4075,163.0
106970,163.0
9490,170.0
125350,170.0
75216,158.0
8994,15.5
131341,172.0
107047,170.0
114598,152.0
119041,158.0
99117,160.0
133414,162.0
104053,174.0
3603,152.0
99592,155.0
124945,170.0
7707,17.0
99250,164.0
105849,15.7
123844,174.0
4600,
104436,175.0
35233,174.0
100118,170.0
100310,168.0
65623,170.0
66345,165.0
57691,170.0
78367,170.0
107836,157.0
110539,
110819,162.0
119916,165.0
62500,157.0
1441,174.0
70,17.2
9338,160.0
66078,158.0
723,166.0
9774,173.0
39947,170.0
100877,158.0
100775,160.0
99671,170.0
125937,158.0
128804,157.0
106438,165.0
126833,159.0
98712,172.0
133,160.0
4422,167.0
36662,160.0
4603,168.0
4277,165.0
108415,178.0
783,172.0
94013,160.0
102699,167.0
55843,155.0
2225,15.5
54408,172.0
67000,172.0
125055,165.0
93973,160.0
116705,165.0
105586,153.0
127015,169.0
128011,168.0
126352,167.0
125619,176.0
134279,162.0
108339,168.0
9573,166.0
126470,165.0
66849,159.0
102278,168.0
98741,168.0
131476,165.0
124427,172.0
107130,161.0
129575,159.0
109397,162.0
9130,156.0
129278,152.0
122130,162.0
110167,166.0
120508,185.0
121494,170.0
50790,168.0
4640,165.0
52250,163.0
8513,175.0
103484,169.0
67487,16.8
5002,165.0
45872,174.0
4927,171.0
115181,160.0
4993,162.0
8169,165.0
100224,170.0
12822,176.0
65740,168.0
130781,170.0
129878,155.0
128100,166.0
125991,168.0
91797,170.0
3910,150.0
99941,16.0
108737,150.0
128905,160.0
127237,168.0
112157,165.0
118306,167.0
102329,156.0
105215,153.0
99958,158.0
110376,164.0
8219,16.4
5749,160.0
99080,158.0
102626,172.0
108664,170.0
3590,17.0
133276,160.0
103798,158.0
8681,155.0
126959,165.0
123071,17.0
102862,170.0
113173,160.0
101000,170.0
67108,172.0
55186,170.0
124086,158.0
100675,175.0
102658,160.0
112475,166.0
123563,155.0
99789,170.0
113171,178.0
768,168.0
125964,158.0
9348,150.0
485,160.0
77884,150.0
3992,152.0
63568,16.200000000000003
110506,155.0
108523,160.0
67636,163.0
4980,173.0
66001,152.0
122620,160.0
126624,165.0
55319,168.0
92839,168.0
110451,170.0
129178,170.0
113181,170.0
45993,168.0
4958,170.0
120425,155.0
93397,158.0
28465,162.0
6798,165.0
6243,155.0
9342,156.0
66143,175.0
2258,158.0
6968,158.0
101511,15.0
66016,157.0
5153,172.0
1331,160.0
2958,15.8
130783,153.0
126694,160.0
118750,167.0
100395,180.0
102784,158.0
114827,160.0
116343,165.0
104208,170.0
9004,158.0
6067,153.0
105981,161.0
105196,167.0
55357,160.0
131482,160.0
93489,166.0
120617,170.0
9782,160.0
9761,16.9
66376,155.0
107209,165.0
123108,155.0
129763,152.0
101142,160.0
1239,162.0
52856,160.0
136,160.0
49827,155.0
99509,162.0
1585,155.0
110039,160.0
104285,166.0
130944,166.0
108749,172.0
66625,16.9
35106,170.0
3861,173.0
111213,157.0
9470,15.4
67820,165.0
98781,172.0
121249,162.0
93563,180.0
5971,
115948,170.0
110958,172.0
66392,176.0
99800,170.0
104853,158.0
9218,150.0
108604,160.0
9114,165.0
107603,165.0
59376,150.0
99149,168.0
105377,167.0
105092,158.0
60049,167.0
67120,170.0
51016,160.0
49371,153.0
54174,165.0
99529,162.0
93691,16.599999999999998
8482,169.0
26503,167.0
132041,178.0
115545,162.0
63183,163.0
124101,155.0
67215,163.0
105033,174.0
3403,150.0
116964,165.0
128556,165.0
98775,174.0
75190,173.0
66055,165.0
122127,157.0
66857,153.0
1790,167.0
75193,162.0
77018,153.0
92959,176.0
8108,16.0
2549,16.5
2704,172.0
106209,162.0
25,170.0
50,163.0
9388,160.0
120471,170.0
129553,160.0
105074,163.0
122884,154.0
7083,168.0
106573,163.0
114765,156.0
67628,168.0
5217,158.0
99462,150.0
1685,150.0
8982,169.0
66464,155.0
125032,155.0
128057,150.0
98889,155.0
120082,170.0
126549,165.0
55496,170.0
8645,17.0
5360,15.5
66748,17.0
108235,
107280,165.0
66498,15.7
122092,160.0
102109,167.0
8324,158.0
102629,156.0
51347,165.0
103117,150.0
106835,167.0
124815,60.0
7455,175.0
3899,151.0
1206,
73280,172.0
67471,165.0
74557,165.0
55366,169.0
4278,17.5
75988,163.0
123954,160.0
64212,160.0
109215,162.0
103957,150.0
125652,165.0
9333,153.0
129076,165.0
66549,158.0
67198,162.0
57901,166.0
8913,
131094,159.0
129379,160.0
5574,155.0
108778,150.0
66854,15.9
120852,175.0
108406,160.0
53861,170.0
103695,174.0
126924,157.0
125393,167.0
126310,167.0
104097,165.0
8222,16.9
9165,174.0
103014,166.0
103625,170.0
796,170.0
113734,170.0
110040,173.0
121894,152.0
67721,147.0
75228,165.0
4703,165.0
103363,171.0
9745,166.0
67304,160.0
8254,158.0
110256,168.0
114908,171.0
131881,165.0
120878,156.0
123775,173.0
55389,175.0
81013,160.0
99046,171.0
92877,171.0
9449,174.0
52936,158.0
63577,168.0
103569,155.0
6005,158.0
128566,159.0
112738,165.0
100608,170.0
77404,165.0
55432,160.0
92053,163.0
67248,162.0
75670,163.0
7849,160.0
7522,16.8
124045,165.5
110876,160.0
9646,151.0
103808,155.0
128881,163.0
112467,158.0
122826,150.0
4379,168.0
127151,168.0
67396,160.0
103082,
7458,170.0
64140,170.0
130323,165.0
62401,169.0
104610,160.0
36631,163.0
1033,160.0
9502,152.0
101040,160.0
116927,165.0
98306,
103469,150.0
105837,160.0
121323,155.0
109710,170.0
941,155.0
5013,180.0
94056,175.0
102538,158.0
67351,170.0
99630,170.0
116556,165.0
104383,15.5
108526,158.0
119858,153.0
99735,155.0
126499,160.0
105266,167.0
110218,156.0
4279,152.0
9489,150.0
105816,164.0
111053,164.0
55380,17.2
67711,153.0
67741,168.0
110889,165.0
105005,172.0
129641,167.0
101766,
5582,160.0
31025,164.0
8119,170.0
67502,155.0
9780,165.0
130670,157.0
67115,169.0
123505,160.0
2943,170.0
109574,172.0
127160,160.0
124738,160.0
66601,163.0
99141,152.0
41605,157.0
5905,162.0
7403,158.0
128719,170.0
4982,15.4
54128,167.0
101262,171.0
4024,155.0
115341,150.0
9073,160.0
5677,155.0
129936,155.0
124725,157.0
113039,153.0
4315,180.0
127808,155.0
113849,168.0
98575,171.0
111858,170.0
115884,175.0
128816,15.5
7303,165.0
5021,
131676,155.0
131510,165.0
103809,170.0
92540,152.0
123699,170.0
99400,165.0
67116,170.0
107076,167.0
106582,150.0
103788,150.0
3697,152.0
6604,158.0
7414,158.0
67514,163.0
65995,158.0
112164,170.0
67369,178.0
102814,162.0
54267,163.0
111661,165.0
102709,174.0
104945,160.0
98949,158.0
1862,
67616,156.0
48180,169.0
67736,149.0
3857,170.0
64073,158.0
102063,160.0
124340,172.0
93805,
98768,163.0
83291,174.0
67201,163.0
8924,170.0
8139,152.0
119681,165.0
93281,163.0
98773,165.0
113038,163.0
103094,155.0
103567,167.0
130276,161.0
124027,164.0
128440,160.0
99037,158.0
114468,165.0
66784,160.0
115862,167.0
4822,155.0
9401,163.0
5435,150.0
67494,15.9
119958,167.0
703,164.0
102984,165.0
98729,163.0
65948,170.0
4700,150.0
2278,170.0
2442,155.0
102310,153.0
65981,150.0
130095,166.0
99963,150.0
8976,150.0
75729,168.0
129944,165.0
66256,
104866,165.0
122345,170.0
104715,170.0
54234,168.0
128289,16.4
99664,177.0
54279,164.0
98266,150.0
123100,160.0
121605,162.0
3997,170.0
102328,170.0
125825,167.0
8806,170.0
111339,152.0
109060,158.0
98608,165.0
126331,175.0
3916,152.0
4691,163.0
66651,165.0
46212,153.0
7780,168.0
66118,170.0
121429,160.0
121495,17.2
51536,15.7
7463,166.0
103349,162.0
55363,170.0
74620,170.0
110795,175.0
99727,
111599,175.0
101306,168.0
65977,166.0
9087,16.200000000000003
53345,155.0
120594,163.0
64698,162.0
53986,161.0
9526,15.3
47477,158.0
3544,152.0
121611,154.0
9085,155.0
103797,165.0
121073,157.0
124777,171.0
112538,16.5
134535,178.0
82081,16.7
111808,165.0
66614,166.0
48356,167.0
102375,169.0
129628,154.0
107376,175.0
9328,156.0
104316,150.0
106041,158.0
116993,180.0
66133,168.0
2540,170.0
101533,150.0
1062,162.0
127999,158.0
102406,163.0
128792,174.0
66640,155.0
106309,169.0
109529,16.5
62858,16.8
80608,165.0
8087,16.599999999999998
131763,170.0
131592,
106485,
109805,16.8
122198,160.0
4893,165.0
118628,170.0
126414,155.0
48460,173.0
131903,180.0
118826,165.0
109229,150.0
112017,157.0
129605,157.0
1560,158.0
65157,16.8
9064,160.0
119020,175.0
103369,
100747,
124560,160.0
129036,162.0
107760,171.0
67411,164.0
67367,174.0
107747,171.0
103324,170.0
128632,158.0
124873,169.0
67753,157.0
104392,159.0
128161,160.0
99464,156.0
9093,170.0
8508,17.2
92925,170.0
99268,166.0
131579,165.0
129092,165.0
54328,160.0
132933,150.0
82297,170.0
107711,150.0
114049,160.0
44788,160.0
4815,165.0
54181,164.0
107111,158.0
131385,170.0
98713,156.0
128932,15.3
102889,177.0
109214,165.0
117164,16.299999999999997
9005,162.0
102461,164.0
117690,170.0
67631,160.0
112435,163.0
124905,175.0
117941,162.0
106864,152.0
129615,169.0
124872,150.0
93487,155.0
107619,165.0
119303,158.0
49559,153.0
121364,160.0
111238,17.5
131664,150.0
76859,162.0
103814,165.0
3069,160.0
102927,156.0
5177,163.0
7096,166.0
117792,155.0
106560,154.0
67090,170.0
130461,165.0
13795,168.0
4336,163.0
125730,185.0
122128,155.0
129180,167.0
113617,170.0
113206,167.0
9296,150.0
67756,178.0
98594,
52781,160.0
65793,158.0
54269,160.0
98679,172.0
102591,175.0
82013,158.0
116802,164.0
8933,
53865,172.0
66095,165.0
120881,16.0
67464,155.0
117544,15.4
116213,157.0
7833,160.0
6088,16.599999999999998
9402,158.0
5428,165.0
6318,166.0
60285,156.0
9379,173.0
122301,169.0
66714,168.0
122638,165.0
113139,166.0
67174,165.0
113372,167.0
8597,163.0
5637,163.0
2953,167.0
66837,162.0
111073,173.0
67473,160.0
123176,162.0
112916,176.0
113858,156.0
66356,170.0
2501,170.0
107699,160.0
67004,168.0
53899,156.0
4397,162.0
129250,170.0
104247,150.0
130733,157.0
107577,168.0
3102,176.0
55499,180.0
106416,164.0
92848,167.0
4672,170.0
9487,165.0
119635,152.0
102622,155.0
4961,163.0
126215,150.0
112949,167.0
117357,164.0
103725,172.0
112592,17.0
107063,
3329,168.0
111839,160.0
67176,156.0
98791,152.0
4418,168.0
4441,168.0
113194,172.0
65911,157.0
57745,17.2
67401,168.0
55652,16.9
113650,170.0
105807,167.0
2397,154.0
105227,168.0
1899,
66699,153.0
67102,172.0
107445,162.0
54020,163.0
4363,158.0
8587,155.0
93880,176.0
113077,168.0
8111,170.0
73147,170.0
101819,165.0
55384,167.0
126443,168.0
47943,165.0
116588,172.0
9074,175.0
111008,172.0
91983,167.0
53371,165.0
66122,158.0
103878,168.0
57719,155.0
81888,165.0
91790,155.0
66711,16.0
102650,172.0
8771,177.0
51751,170.0
67228,157.0
99873,163.0
99845,166.0
1074,16.0
104039,160.0
834,
104852,168.0
50979,175.0
58086,156.0
2357,154.0
113586,160.0
100012,162.0
9596,168.0
117201,165.0
110583,170.0
129701,173.0
127352,164.0
2507,150.0
108999,170.0
4790,155.0
8082,165.0
102528,147.0
129507,155.0
8503,160.0
2699,174.0
40781,166.5
105817,153.0
99627,158.0
82464,165.0
126370,156.0
82336,175.0
5672,160.0
44029,153.0
79934,165.0
5454,15.5
98853,175.0
4835,173.0
52229,160.0
9412,175.0
115581,171.0
55209,149.0
2960,165.0
114296,160.0
121324,170.0
59173,155.0
103849,165.0
3840,175.0
67205,16.7
2701,152.0
791,16.8
9446,160.0
8907,155.0
115173,16.1
102182,150.0
107850,183.0
7769,160.0
131583,175.0
111093,160.0
8092,
123133,162.0
115990,161.0
102739,168.0
121939,168.0
121916,167.0
7173,168.0
45978,163.0
9465,165.0
52179,182.0
66490,180.0
3284,165.0
124800,159.0
63553,163.0
67101,168.0
66012,168.0
67096,159.0
7843,150.0
102138,165.0
54074,16.1
103655,158.0
59262,16.299999999999997
63817,166.0
100369,168.0
126028,170.0
75219,17.65
103701,163.0
119967,160.0
94021,158.0
54042,172.0
122947,169.0
100730,157.0
120133,173.0
4996,163.0
8047,168.0
110344,165.0
118969,162.0
107239,
124288,165.0
101083,167.0
5073,160.0
43499,165.0
131582,170.0
76995,164.0
122131,160.0
1398,159.0
115352,162.0
81212,167.0
1365,168.0
121819,165.0
107011,170.0
108450,160.0
51716,166.0
8340,165.0
67629,17.2
4681,170.0
102352,178.0
67328,170.0
60734,175.0
66071,16.599999999999998
65926,159.0
2538,180.0
67443,175.0
55307,16.7
101562,168.0
67373,178.0
59380,156.0
36431,160.0
4809,150.0
25939,15.9
9301,171.0
3362,174.0
58971,170.0
123331,160.0
7405,166.0
104013,167.0
104535,180.0
9162,170.0
101900,168.0
2411,158.0
92609,150.0
1449,152.0
98745,170.0
124544,170.0
4908,170.0
131295,159.0
49837,148.0
24477,157.0
128860,173.0
106375,150.0
121984,156.0
92212,168.0
105088,172.0
129191,161.0
102751,165.0
8497,160.0
104846,165.0
104217,169.0
98697,150.0
124,155.0
119772,172.0
76543,168.0
102586,168.0
37144,152.0
122990,176.0
60279,167.0
129992,166.0
123267,155.0
100364,170.0
126667,155.0
107097,150.0
108217,165.0
121920,167.0
108938,16.299999999999997
3512,168.0
113121,165.0
130435,165.0
101580,175.0
104314,165.0
132984,160.0
51902,162.0
74297,153.0
66076,170.0
115736,165.0
123695,168.0
125824,158.0
112264,165.0
67767,160.0
118310,169.0
110690,17.0
109548,173.0
126605,170.0
114828,167.0
113089,177.0
118367,165.0
120157,163.0
9772,165.0
115830,169.0
1374,156.0
126911,155.0
126604,165.0
7339,170.0
111168,150.0
131739,156.0
125608,160.0
104816,175.0
120491,175.0
108194,170.0
108145,170.0
108225,170.0
113588,165.0
131804,165.0
131562,162.0
66654,152.0
52371,150.0
38338,150.0
52184,150.0
53907,169.0
105918,16.0
102475,153.0
105233,165.0
107151,165.0
129344,170.0
9429,164.0
61231,160.0
104045,16.5
102856,171.0
131580,167.0
106314,163.0
100397,160.0
5640,155.0
113769,165.0
129333,170.0
131599,161.0
131600,165.0
131656,154.0
131516,155.0
106205,
67685,165.0
67670,160.0
55180,162.0
5081,172.0
102424,176.0
131493,172.0
131683,163.0
131578,177.0
119775,158.0
100117,173.0
99221,165.0
93604,167.0
66642,170.0
5198,152.0
105090,169.0
103200,174.0
66088,170.0
2775,173.0
65929,175.0
99850,176.0
3729,167.0
92828,17.0
5287,165.0
108148,165.0
126606,158.0
115563,170.0
105029,174.0
103136,165.0
120384,153.0
130428,169.0
131428,159.0
66240,175.0
67688,170.0
66876,171.0
113138,165.0
108775,165.0
79137,170.0
99643,170.0
99319,171.0
112883,170.0
103890,160.0
57100,158.0
5358,167.0
107129,170.0
111681,165.0
99618,175.0
67406,160.0
121052,165.0
102476,170.0
109221,150.0
55614,165.0
101972,
123608,165.0
8204,16.8
9393,162.0
65618,165.0
112650,178.0
101455,172.0
123072,170.0
114535,165.0
67728,178.0
109882,146.0
67786,158.0
108044,16.7
120047,160.0
114539,160.0
111233,168.0
72833,172.0
112205,166.0
104085,165.0
53965,164.0
101003,169.0
126422,163.0
3837,155.0
53881,157.0
93018,155.0
112825,155.0
122336,168.0
106878,176.0
102426,155.0
112229,170.0
58324,152.0
113438,162.0
64467,160.0
65855,160.0
66289,176.0
67491,152.0
113756,155.0
98723,165.0
122468,166.0
122567,170.0
112159,164.0
99506,168.0
130740,158.0
124743,158.0
114769,174.0
67446,160.0
121181,160.0
66477,155.0
9767,168.0
66299,155.0
66593,170.0
109609,170.0
129994,170.0
9109,
872,150.0
108350,
112307,159.0
53671,160.0
102175,172.0
5873,164.0
54600,164.0
102183,165.0
40937,165.0
100362,175.0
9496,170.0
102627,162.0
79652,156.0
103972,
79891,166.0
99948,153.0
37339,158.0
126887,165.0
2660,162.0
107110,154.0
53612,150.0
98824,152.0
93450,156.0
6773,159.0
112227,156.0
122798,150.0
103514,170.0
67589,170.0
110086,157.0
109962,163.0
108767,162.0
107614,165.0
73535,170.0
94011,160.0
83514,158.0
66848,155.0
113250,157.0
113082,150.0
55275,161.0
112367,157.0
111646,160.0
55368,160.0
63655,172.0
105803,155.0
104555,165.0
104608,162.0
98634,163.0
67138,163.0
104955,167.0
114085,170.0
62721,170.0
755,165.0
46861,172.0
67158,17.5
2751,167.0
113290,173.0
108564,168.0
129968,165.0
105283,167.0
113887,155.0
66427,155.0
1349,158.0
102850,165.0
9169,152.0
67169,157.0
130601,168.0
105877,167.0
920,163.0
126638,170.0
55896,
67752,176.0
106528,165.0
117716,175.0
103415,167.0
103651,168.0
101730,165.0
99656,165.0
106564,178.0
101077,168.0
98950,
106176,186.0
5258,
51450,165.0
4582,168.0
113939,160.0
112662,164.0
112485,167.0
122272,168.0
66254,
94012,160.0
6557,16.299999999999997
111485,165.0
100047,168.0
115751,169.0
104673,156.0
99011,174.0
105067,157.0
103922,180.0
9606,162.0
109190,160.0
117654,162.0
25186,165.0
7569,164.0
102640,167.0
67047,17.0
125648,162.0
715,163.0
56627,170.0
104930,168.0
1766,173.0
99392,160.0
9604,
53712,16.0
8100,164.0
101808,183.0
67650,168.0
115858,172.0
1865,170.0
3768,159.0
52504,153.0
115379,163.0
67439,165.0
7822,172.0
74517,170.0
46387,172.0
7499,168.0
117044,163.0
114760,159.0
113187,172.0
103028,169.0
4947,161.0
7592,15.5
7255,152.0
7839,168.0
65425,165.0
73209,
6750,162.0
8519,170.0
99612,167.0
103940,158.0
66770,160.0
5415,152.0
7791,150.0
57306,157.0
55763,165.0
64407,159.0
53667,168.0
130278,172.0
8573,155.0
9189,14.9
5106,15.7
9225,153.0
108605,153.0
111376,157.0
67403,174.0
122180,175.0
99541,17.1
104185,163.0
100504,158.0
4696,169.0
106283,17.0
104420,167.0
7555,147.0
61070,156.0
64030,163.0
7747,155.0
99352,155.0
41065,160.0
59391,160.0
82822,162.0
55313,16.9
111700,176.0
94005,142.0
7949,154.0
67346,158.0
53089,154.0
101304,175.0
30203,162.0
101629,165.0
106974,162.0
67361,16.299999999999997
105261,165.0
53453,175.0
102598,150.0
101896,170.0
30025,160.0
6427,163.0
99540,170.0
99133,163.0
913,160.0
4952,16.599999999999998
35725,174.0
101647,168.0
103184,165.0
111660,168.0
94010,162.0
108249,160.0
1656,160.0
67689,164.0
66250,156.0
67480,164.0
103169,167.0
75215,16.0
65198,160.0
53536,150.0
98591,158.0
78661,165.0
113183,168.0
83429,158.0
67179,163.0
112882,173.0
102630,173.0
121594,165.0
110888,164.0
67027,180.0
99581,16.7
60499,170.0
105983,
1294,166.0
98852,175.0
60520,153.0
103244,156.0
103260,16.0
66759,172.0
64588,165.0
108803,170.0
1403,163.0
67388,170.0
9353,171.0
47228,163.0
108602,170.0
3482,168.0
66763,172.0
101248,164.0
7094,165.0
112134,170.0
98876,155.0
98877,158.0
5516,160.0
92701,166.0
67394,16.4
59862,174.0
102079,167.0
99672,152.0
103906,164.0
113765,171.0
66038,174.0
7640,157.0
93582,168.0
67087,175.0
101357,168.0
61701,164.0
75499,163.0
66847,168.0
960,164.0
67498,165.0
110599,174.0
92427,165.0
50601,164.0
4992,162.0
66444,16.4
9647,170.0
104685,153.0
114748,170.0
100298,157.0
63626,160.0
111870,174.0
49562,17.0
103077,173.0
74112,160.0
105480,170.0
113747,166.0
54108,164.0
115905,163.0
52792,159.0
82294,176.0
67350,170.0
120540,165.0
67171,160.0
1000,161.0
129688,150.0
65147,165.0
2578,17.3
80249,160.0
112243,174.0
99711,167.0
66026,168.0
29782,175.0
67776,15.6
9451,168.0
113711,175.0
52231,163.0
98344,167.0
59121,162.0
47302,165.0
65962,165.0
120081,169.0
52748,173.0
9389,170.0
66677,163.0
98733,175.0
7160,164.0
3289,150.0
74337,171.0
4411,174.0
108267,168.0
66203,158.0
102705,16.7
91819,163.0
58948,
66233,155.0
9014,152.0
64684,156.0
67192,163.0
118337,163.0
117511,166.0
4571,179.0
64324,163.0
9370,168.0
112015,166.0
65941,157.0
67223,165.0
66294,170.0
98813,160.0
81458,150.0
56501,160.0
79183,162.0
62398,159.0
101615,168.0
63581,170.0
3446,160.0
42151,17.8
67225,14.5
67521,155.0
9099,162.0
7818,165.0
66124,167.0
9116,170.0
67114,175.0
108626,168.0
115677,168.0
57198,16.200000000000003
63308,169.0
54367,16.299999999999997
52147,152.0
103528,172.0
66684,170.0
103557,166.0
110873,157.0
99405,160.0
66052,158.0
103832,160.0
104949,155.0
66251,15.3
52966,170.0
17164,169.0
7834,166.0
9001,17.4
66921,176.0
99803,162.0
79888,156.0
65005,15.9
104014,154.0
104313,164.0
92886,17.5
8889,16.8
62750,168.0
7868,16.8
99247,153.0
99736,158.0
6930,168.0
67665,154.0
53608,171.0
102584,16.9
52365,156.0
9423,156.0
4806,174.0
1592,174.0
66957,
105379,
67092,17.0
17842,144.0
9356,165.0
103195,170.0
111473,170.0
102508,172.0
124312,158.0
122374,155.0
102952,169.0
8551,160.0
58726,150.0
8899,160.0
66082,170.0
66027,
105007,161.0
66470,16.8
93690,16.0
119396,178.0
120722,163.0
66213,170.0
75102,160.0
110832,170.0
67210,164.0
7770,159.0
4288,167.0
7829,160.0
66936,168.0
77948,165.0
65357,158.0
106942,
65802,150.0
66898,155.0
111243,167.0
102230,170.0
115726,168.0
123085,168.0
9733,160.0
5995,162.0
67277,170.0
102389,174.0
67048,169.0
8883,160.0
74751,166.0
4240,162.0
66917,170.0
107746,178.0
107084,264.5
67130,160.0
66298,163.0
108707,170.0
109206,172.0
66722,17.0
67249,154.0
103268,160.0
106321,180.0
9009,165.0
8865,165.0
67188,162.0
67382,155.0
53605,162.0
66391,171.0
3951,160.0
66068,168.0
3725,158.0
62453,153.0
4051,175.0
121484,174.0
66658,168.0
9230,157.0
66145,155.0
83300,16.8
63670,163.0
2868,170.0
65928,170.0
105051,165.0
67137,
106989,158.0
66270,178.0
65210,150.0
103105,20.0
59274,158.0
53095,155.0
65724,160.0
5737,162.0
66591,
93680,167.0
54197,166.0
937,171.0
99988,17.0
67260,150.0
67320,163.0
66835,170.0
67111,168.0
98313,169.0
77572,158.0
9654,154.0
77531,165.0
7519,16.299999999999997
111470,158.0
67194,172.0
39858,166.0
29999,170.0
2853,173.0
53229,165.0
108516,176.0
5412,168.0
100326,177.0
101247,168.0
5388,175.0
53695,170.0
1928,170.0
66648,156.0
37338,165.0
67431,170.0
65903,164.0
6928,157.0
53443,156.0
93837,16.299999999999997
27619,
49699,176.0
8419,163.0
54249,170.0
12820,
2499,155.0
4967,170.0
4270,152.0
31985,165.0
100018,150.0
107623,155.0
9185,155.0
65894,160.0
66958,164.0
60940,150.0
66013,163.0
56384,168.0
65715,150.0
66791,155.0
67091,16.5
5016,152.0
3264,162.0
893,16.0
9578,16.0
67117,172.0
66074,170.0
8001,155.0
7456,160.0
5086,162.0
66478,17.5
44503,168.0
50317,154.0
66954,175.0
67353,163.0
4226,167.0
37262,157.0
104295,165.0
8376,175.0
53630,175.0
3240,176.0
59235,163.0
1828,158.0
65869,180.0
7674,171.0
10507,150.0
2571,170.0
66668,150.0
66248,170.0
66119,171.0
66139,163.0
577,
8911,169.0
66802,162.0
102614,165.0
4409,170.0
99059,156.0
105697,163.0
92326,158.0
3368,161.0
9277,157.0
98726,160.0
1423,
1420,157.0
48244,167.0
5457,168.0
101017,170.0
98730,169.0
5256,16.299999999999997
66366,170.0
4284,165.0
9634,170.0
67395,175.0
26171,173.0
8754,172.0
9362,160.0
9438,162.0
8888,152.0
3065,160.0
7900,160.0
3206,174.0
4643,160.0
9219,153.0
6711,170.0
98767,158.0
93519,164.0
1700,170.0
47616,176.0
2469,175.0
60021,170.0
99054,150.0
66788,160.0
8356,150.0
75854,17.2
8934,170.0
58584,170.0
93946,167.0
115242,162.0
110997,170.0
99353,167.0
131519,156.0
131477,160.0
131661,181.0
2485,154.0
66738,158.0
8926,166.0
2413,178.0
67821,168.0
7956,160.0
66616,154.0
2295,174.0
66247,165.0
7596,170.0
50181,16.1
60134,173.0
67238,170.0
98792,173.0
7691,17.5
102666,167.0
73771,153.0
107700,154.0
92634,173.0
102965,160.0
9269,160.0
8373,170.0
9034,
130023,167.0
134603,168.0
57873,150.0
1088,162.0
79374,167.0
103749,175.0
5777,158.0
67025,
82919,163.0
2387,157.0
66274,170.0
99143,155.0
8842,167.0
3835,165.0
67365,165.0
65967,166.0
107085,
60261,175.0
105109,156.0
41028,162.0
66659,158.0
8628,155.0
65561,169.0
66336,165.0
7474,162.0
4449,168.0
73629,160.0
75324,150.0
79034,167.0
1098,163.0
3897,166.0
66824,160.0
58443,160.0
66991,165.0
4130,
77623,157.0
99048,158.0
58916,167.0
8203,170.0
62303,172.0
6300,
3052,170.0
9609,175.0
67151,160.0
45203,152.0
66195,165.0
75329,16.4
4853,173.0
67204,173.0
67496,172.0
9347,176.0
8828,168.0
2729,165.0
46135,15.7
7302,
73628,159.0
7695,170.0
9371,160.0
65946,16.8
66395,148.0
8152,164.0
37983,168.0
65898,165.0
9303,160.0
78767,170.0
66843,16.599999999999998
7896,170.0
58747,165.0
48787,170.0
4801,160.0
66221,170.0
7445,170.0
3967,160.0
63554,167.0
51828,170.0
38,174.0
67018,166.0
3033,160.0
5158,165.0
100363,170.0
8609,150.0
66020,173.0
67235,155.0
75698,155.0
50253,156.0
8922,155.0
79381,165.0
7619,172.0
5284,165.0
7343,168.0
780,170.0
1564,168.0
9092,17.3
9742,162.0
53757,17.2
66237,15.2
6360,166.0
63561,158.0
9473,169.0
62394,175.0
8906,161.0
7467,172.0
8919,160.0
4679,154.0
5294,164.0
5196,16.0
3020,16.1
61204,163.0
5180,17.2
49159,160.0
9581,158.0
77599,155.0
9885,165.0
3231,165.0
1622,173.0
8347,175.0
711,162.0
8095,160.0
66883,
45117,159.0
60816,16.0
8943,166.0
53335,17.3
44842,175.0
9251,153.0
65734,155.0
67243,155.0
134331,
