ID,income
127943,20000000
128418,35000000
128304,50000000
129898,100000000
133794,20000000
133986,5000000000
124255,100000000
125069,
128995,25000000
133658,
122371,12000000
132507,
127832,50000000
123555,
128108,40000000
107871,35000000
124273,15000000
134005,20000000
123791,
128606,35000000
126288,
125569,27000000
124355,25000000
131268,20000000
128295,
3560,
129586,400000000
127567,
108303,20000000
127412,25000000
133778,
132314,50000000
129018,
832,
102759,15000000
130173,10000000
130521,
122370,80000000
66034,
125121,10000000
131117,250000000
126876,17000000
108573,30000000
132475,16000000
128706,
125474,
124059,
121398,20000000
127610,
124599,25000000
127259,20000000
128910,32000000
128514,40000000
131338,12000000
121437,
112736,15000000
109737,20000000
131959,
133932,35000000
9615,11000000
123239,
130439,20000000
129128,15000000
127982,
121580,14000000
124918,20000000
126220,60000000
133066,15000000
124911,10000000
127114,20000000
9464,30000000
132513,15000000
122446,16000000
132805,20000000
126344,50000000
126037,12000000
131689,
127945,125000000
127508,
132941,30000000
122658,15000000
128791,30000000
124915,20000000
134150,15000000
131702,2000000000
129637,20000000
109155,10000000
122769,
124692,30000000
132479,110000000
125072,10000000
126885,50000000
122516,
112854,20000000
122908,50000000
128473,50000000
52687,70000000
124876,30000000
129381,
120156,15000000
120597,
98817,35000000
122098,11000000
133417,35000000
128537,30000000
120417,
122474,10000000
124708,30000000
125296,17000000
130420,10000000
64316,40000000
122449,
123379,24000000
127498,24000000
133270,15000000
127320,33000000
121002,50000000
128012,50000000
127063,70000000
134067,19000000
128345,40000000
124155,25000000
124484,20000000
124572,75000000
4378,10000000
131289,
116303,30000000
93753,10000000
121807,40000000
101622,5000000
103704,15000000
124901,12000000
109029,
102583,
118458,30000000
61704,32000000
123789,12000000
125210,44000000
133588,
110285,
119633,20000000
102587,50000000
100246,10000000
106895,30000000
125890,7000000
9472,22000000
5267,20000000
134531,25000000
104948,40000000
119660,12000000
127233,
65878,
109601,30000000
112101,2000000000
132827,10000000
131923,400000000
128567,400000000
117830,20000000
121575,16000000
127260,20000000
122825,20000000
110532,25000000
127752,100000000
124799,
124967,50000000
124298,
121666,35000000
104012,30000000
131368,
103640,15000000
67702,600000
118163,15000000
100313,20000000
103102,10000000
124941,
125512,
117430,40000000
123532,10000000
3712,10000000
101732,
1329,
108885,15000000
108404,10000000
122736,11000000
62530,15000000
102288,20000000
8523,20000000
124927,45000000
9750,30000000
129383,
2746,
4792,50000000
67603,100000000
108489,18000000
125001,30000000
103783,
126785,70000000
108629,6000000
124004,20000000
102104,
55461,8000000
127422,50000000
107938,12000000
112414,100000000
113437,10000000
124354,26000000
124437,22000000
123688,10000000
130685,7000000
33568,30000000
130034,30000000
125277,40000000
53169,
112434,28000000
121706,200000000
66695,80000000
108493,
105848,17000000
130273,
127802,4000000
122113,100000000
125554,
120478,25000000
116264,32000000
128689,
4738,10000000
108734,30000000
119694,200000000
81018,9000000
93807,8000000
111070,
108622,40000000
5788,5000000
2527,20000000
99539,
108420,15000000
27184,
98,25000000
127484,2000000000
53758,5000000
116276,
39077,18000000
54025,30000000
159,30000000
104057,32000000
110103,24000000
124775,50000000
55500,
132136,
112642,35000000
106040,600000000
123241,120000000
113696,11000000
8354,500000
93688,
111060,8000000
134316,20000000
117748,35000000
100720,
79531,25000000
47288,20000000
121455,
99342,15000000
114985,
123774,30000000
117130,8000000
61229,10000000
15520,10000000
102916,30000000
56417,10000000
131008,20000000
116746,30000000
129837,20000000
126778,30000000
62458,20000000
130060,
67074,10000000
99603,40000000
195,30000000
2614,15000000
104344,11000000
117122,15000000
108221,18000000
62505,
118745,24000000
119401,7000000
102663,10000000
99095,20000000
8619,100000000
99880,12000000
6817,5000000
104503,
107320,30000
107383,14000000
111741,30000000
93622,
123881,1000000000
5301,10000000
99553,8
113612,10000000
112190,20000000
94072,500000
108092,15000000
121642,15000000
107975,11000000
122612,20000000
5326,8000000
53131,10000000
1247,10000000
108753,11000000
99893,6000000
56616,20000000
124942,30000000
2869,5000000
108796,10000000
54202,15000000
116061,15000000
66713,15000000
24701,20000000
99433,
105700,
114237,10000000
101952,15000000
109157,9000000
4601,10000000
106523,30000
3061,20000000
8053,10000000
93818,4000000
34147,20000000
4539,
113591,
111549,3000000
1914,8000000
121704,15000000
3767,5000000
362,
127292,100000000
130400,
129906,20000000
122132,5000000
114977,15000000
124432,13000000
2624,5000000
6674,10000000
4075,50000000
106970,25000000
9490,20000000
125350,100000000
75216,10000000
8994,25000000
131341,30000000
107047,15000000
114598,30000000
119041,
99117,20000000
133414,30000000
104053,23000000
3603,8000000
99592,10000000
124945,17000000
7707,20000000
99250,
105849,
123844,13000000
4600,10000000
104436,10000000
35233,65000000
100118,10000000
100310,20000000
65623,12000000
66345,14000000
57691,30000000
78367,15000000
107836,15000000
110539,10000000
110819,20000000
119916,
62500,25000000
1441,15000000
70,10000000
9338,10000000
66078,6000000
723,10000000
9774,20000000
39947,17000000
100877,25000000
100775,7000000
99671,
125937,10000000
128804,3000000000
106438,40000000
126833,10000000
98712,22000000
133,15000000
4422,15000000
36662,8000000
4603,15000000
4277,15000000
108415,30000000
783,30000000
94013,2000000
102699,25000000
55843,25000000
2225,30000000
54408,
67000,50000000
125055,17000000
93973,18000000
116705,25000000
105586,14000000
127015,30000000
128011,100000000
126352,
125619,
134279,30000000
108339,40000000
9573,7000000
126470,9000000
66849,10000000
102278,
98741,20000000
131476,60000000
124427,35000000
107130,
129575,20000000
109397,100000000
9130,10000000
129278,50000000
122130,15000000
110167,25000000
120508,
121494,200000000
50790,30000000
4640,20000000
52250,10000000
8513,
103484,15000000
67487,17000000
5002,8000000
45872,
4927,20000000
115181,30000000
4993,10000000
8169,10000000
100224,1000000
12822,
65740,10000000
130781,15000000
129878,20000000
128100,8000000
125991,
91797,
3910,6000000
99941,
108737,10000000
128905,
127237,20000000
112157,10000000
118306,10000000
102329,
105215,5000000
99958,30000000
110376,
8219,20000000
5749,7000000
99080,10000000
102626,
108664,10000000
3590,20000000
133276,12000000
103798,9000000
8681,9000000
126959,30000000
123071,15000000
102862,20000000
113173,15000000
101000,40000000
67108,15000000
55186,15000000
124086,20000000
100675,12000000
102658,10000000
112475,
123563,31000000
99789,28000000
113171,4000000
768,20000000
125964,10000000
9348,200000
485,15000000
77884,20000000
3992,9000000
63568,7
110506,25000000
108523,5000000
67636,10000000
4980,
66001,
122620,100000000
126624,15000000
55319,20000000
92839,8000000
110451,25000000
129178,15000000
113181,10000000
45993,20000000
4958,100000000
120425,
93397,9000000
28465,
6798,15000000
6243,9000000
9342,
66143,12000000
2258,8000000
6968,5000000
101511,18000000
66016,10000000
5153,20000000
1331,7000000
2958,15000000
130783,100000000
126694,60000000
118750,500000000
100395,20000000
102784,10000000
114827,8000000
116343,15000000
104208,10000000
9004,15000000
6067,7000000
105981,10000000
105196,12000000
55357,
131482,15000000
93489,100000000
120617,15000000
9782,10000000
9761,13000000
66376,12000000
107209,15000000
123108,30000000
129763,
101142,15000000
1239,8000000
52856,6000000
136,10000000
49827,15000000
99509,8000000
1585,7000000
110039,40000000
104285,35000000
130944,10000000
108749,
66625,100000000
35106,22000000
3861,14000000
111213,20000000
9470,
67820,
98781,15000000
121249,15000000
93563,12000000
5971,3000000
115948,15000000
110958,12000000
66392,10000000
99800,500000
104853,30000000
9218,10000000
108604,20000000
9114,
107603,20000000
59376,8000000
99149,150000000
105377,15000000
105092,10000000
60049,5000000
67120,8000000
51016,10000000
49371,8000000
54174,300000000
99529,12000000
93691,15000000
8482,10000000
26503,150000000
132041,
115545,50000000
63183,15000000
124101,15000000
67215,30000000
105033,30000000
3403,10000000
116964,15000000
128556,300000000
98775,20000000
75190,20000000
66055,8000000
122127,11000000
66857,20000000
1790,25000000
75193,10000000
77018,11000000
92959,33000000
8108,20000000
2549,10000000
2704,9500000
106209,
25,5000000
50,15000000
9388,40000000
120471,80000000
129553,400000000
105074,200000000
122884,15000000
7083,10000000
106573,10000000
114765,
67628,50000000
5217,6000000
99462,10000000
1685,5000000
8982,20000000
66464,10000000
125032,50000000
128057,
98889,
120082,30000000
126549,10000000
55496,15000000
8645,
5360,30000000
66748,50000000
108235,14000000
107280,
66498,12000000
122092,250000000
102109,10000000
8324,10000000
102629,40000000
51347,
103117,20000000
106835,60000000
124815,15000000
7455,
3899,10000000
1206,
73280,15000000
67471,
74557,25000000
55366,10000000
4278,50000000
75988,0
123954,25000000
64212,15000000
109215,20000000
103957,20000000
125652,15000000
9333,8000000
129076,
66549,7000000
67198,15000000
57901,15000000
8913,
131094,
129379,500000000
5574,10000000
108778,8000000
66854,
120852,45000000
108406,50000000
53861,800000
103695,18000000
126924,20000000
125393,12000000
126310,8
104097,10000000
8222,10000000
9165,10000000
103014,200000000
103625,15000000
796,20000000
113734,10000000
110040,100000000
121894,40000000
67721,15000000
75228,100000000
4703,15000000
103363,10000000
9745,10000000
67304,3000000
8254,5000000
110256,7000000
114908,35000000
131881,9000000
120878,40000000
123775,20000000
55389,7000000
81013,10000000
99046,15000000
92877,5000000
9449,
52936,5000000
63577,
103569,6000000
6005,20000000
128566,100000000
112738,6000000
100608,50000000
77404,200000
55432,10000000
92053,
67248,15000000
75670,25000000
7849,20000000
7522,10000000
124045,
110876,
9646,200000
103808,100000000
128881,25000000
112467,5000000
122826,10000000
4379,20000000
127151,25000000
67396,10000000
103082,
7458,10000000
64140,10000000
130323,25000000
62401,
104610,30000000
36631,20000000
1033,12000000
9502,15000000
101040,10000000
116927,
98306,4000000
103469,7000000
105837,15000000
121323,30000000
109710,300000000
941,12000000
5013,15000000
94056,50000000
102538,
67351,20000000
99630,300000000
116556,1000000000
104383,15000000
108526,4000000
119858,20000000
99735,15000000
126499,20000000
105266,100000000
110218,11000000
4279,10000000
9489,20000000
105816,12000000
111053,5000000
55380,10000000
67711,10000000
67741,12000000
110889,10000000
105005,8000000
129641,
101766,8000000
5582,4000000
31025,500000
8119,12000000
67502,4000
9780,500000
130670,
67115,
123505,40000000
2943,6000000
109574,12000000
127160,
124738,22000000
66601,10000000
99141,15000000
41605,10000000
5905,5000000
7403,10000000
128719,15000000
4982,13000000
54128,10000000
101262,6000000
4024,14000000
115341,20000000
9073,6000000
5677,20000000
129936,25000000
124725,50000000
113039,50000000
4315,5000000
127808,7000000
113849,20000000
98575,20000000
111858,35000000
115884,25000000
128816,60000000
7303,
5021,500000
131676,100000000
131510,20000000
103809,50000000
92540,8000000
123699,100000000
99400,15000000
67116,105000000
107076,18000000
106582,
103788,25000000
3697,5000000
6604,
7414,15000000
67514,10000000
65995,10000000
112164,15000000
67369,
102814,20000000
54267,14000000
111661,
102709,25000000
104945,7000000
98949,17000000
1862,15000000
67616,19000000
48180,7000000
67736,26000000
3857,50000000
64073,6000000
102063,20000000
124340,20000000
93805,
98768,50000000
83291,10000000
67201,8000000
8924,20000000
8139,
119681,9000000
93281,11000000
98773,15000000
113038,20000000
103094,15000000
103567,9000000
130276,20000000
124027,20000000
128440,20000000
99037,7000000
114468,10000000
66784,
115862,15000000
4822,12000000
9401,15000000
5435,10000000
67494,500000
119958,30000000
703,20000000
102984,15000000
98729,7000000
65948,4000000
4700,8000000
2278,20000000
2442,7000000
102310,12000000
65981,20000000
130095,5000000
99963,5000000
8976,15000000
75729,10000000
129944,25000000
66256,5200000
104866,
122345,8000000
104715,50000000
54234,20000000
128289,10000
99664,30000000
54279,60000000
98266,15000000
123100,10000000
121605,11000000
3997,5000000
102328,10000000
125825,20000000
8806,9000000
111339,25000000
109060,10000
98608,30000000
126331,
3916,15000000
4691,
66651,20000000
46212,17000000
7780,8000000
66118,20000000
121429,
121495,20000000
51536,20000000
7463,10000000
103349,8000000
55363,50000000
74620,20000000
110795,20000000
99727,15000000
111599,
101306,
65977,14000000
9087,10000000
53345,10000000
120594,15000000
64698,10000000
53986,9000000
9526,4000000
47477,13000000
3544,10000000
121611,15000000
9085,80000000
103797,20000000
121073,15000000
124777,18000000
112538,
134535,100000000
82081,12000000
111808,300000000
66614,100000000
48356,
102375,10000000
129628,10000000
107376,10000000
9328,9000000
104316,10000000
106041,12000000
116993,20000000
66133,10000000
2540,600000
101533,30000000
1062,18000000
127999,15000000
102406,
128792,30000000
66640,8000000
106309,10000000
109529,13000000
62858,
80608,20000000
8087,
131763,30000000
131592,
106485,
109805,16000000
122198,25000000
4893,16000000
118628,100000000
126414,15000000
48460,20000000
131903,10000000
118826,
109229,7000000
112017,15000000
129605,
1560,8000000
65157,5000000
9064,3000000
119020,
103369,
100747,21000000
124560,30000000
129036,17000000
107760,
67411,10000000
67367,5000000
107747,17000000
103324,15000000
128632,30000000
124873,40000000
67753,15000000
104392,10000000
128161,8000000
99464,50000000
9093,
8508,
92925,12000000
99268,
131579,10000000
129092,20000000
54328,20000000
132933,15000000
82297,50000000
107711,8000000
114049,10000000
44788,10000000
4815,7000000
54181,15000000
107111,15000000
131385,100000000
98713,25000000
128932,20000000
102889,15000000
109214,10000000
117164,300000000
9005,400000
102461,8000000
117690,10000000
67631,6000000
112435,20000000
124905,30000000
117941,10000000
106864,10000000
129615,15000000
124872,
93487,9000000
107619,7500000
119303,10000000
49559,7500000
121364,7000000
111238,
131664,15000000
76859,12000000
103814,25000000
3069,
102927,8000000
5177,3000000
7096,30000000
117792,30000000
106560,7500000
67090,7000000
130461,240000000
13795,19000000
4336,15000000
125730,
122128,7000000
129180,15000000
113617,4000000
113206,9000000
9296,15000000
67756,14000000000
98594,7000000
52781,20000000
65793,4000000
54269,15000000
98679,14000000
102591,
82013,7000000
116802,11000000
8933,6000000
53865,10000000
66095,4000000
120881,12000000
67464,20000000
117544,12000000
116213,7000000
7833,3000000
6088,10000000
9402,8000000
5428,10000000
6318,500000
60285,20000000
9379,500000
122301,50000000
66714,500000
122638,8000000
113139,50000000
67174,15000000
113372,15000000
8597,
5637,15000000
2953,9000000
66837,15000000
111073,25000000
67473,6000000
123176,10000000
112916,20000000
113858,10000000
66356,20000000
2501,
107699,30000000
67004,
53899,5000000
4397,8000000
129250,8000000
104247,6000000
130733,15000000
107577,20000000
3102,25000000
55499,20000000
106416,
92848,6000000
4672,20000000
9487,15000000
119635,10000000
102622,4000000
4961,11000000
126215,20000000
112949,10000000
117357,10000000
103725,15000000
112592,20000000
107063,
3329,15000000
111839,
67176,10000000
98791,70000000
4418,6000000
4441,20000000
113194,20000000
65911,9000000
57745,15000000
67401,10000000
55652,
113650,
105807,10000000
2397,500000
105227,20000000
1899,5000000
66699,500000
67102,14000
107445,20000000
54020,10000000
4363,23000000
8587,10000000
93880,10000000
113077,16000000
8111,20000000
73147,15000000
101819,20000000
55384,20000000
126443,17000000
47943,15000000
116588,40000000
9074,10000000
111008,14000000
91983,18000000
53371,30000000
66122,8000000
103878,10000000
57719,7000000
81888,9000000
91790,8000000
66711,10000000
102650,12000000
8771,6000000
51751,5000000
67228,5000000
99873,40000000
99845,
1074,10000000
104039,20000000
834,15000000
104852,30000000
50979,12000000
58086,
2357,6000000
113586,
100012,22000000
9596,25000000000
117201,20
110583,100000000
129701,40000000
127352,20000000
2507,10000000
108999,15000000
4790,15000000
8082,7000000
102528,5000000
129507,
8503,900000
2699,20000000
40781,10000000
105817,30000000
99627,500000
82464,8000000
126370,5000000
82336,20000000
5672,5000000
44029,5000000
79934,20000000
5454,10000000
98853,7000000
4835,7000000
52229,10000000
9412,9000000
115581,10000000
55209,9000000
2960,
114296,10000000
121324,7000000
59173,
103849,18000000
3840,5000000
67205,4000000
2701,10000000
791,12000000
9446,10000000
8907,12000000
115173,
102182,8000000
107850,5000000
7769,500000
131583,10000000
111093,13000000
8092,12000000
123133,30000000
115990,8000000
102739,15000000
121939,
121916,10000000
7173,
45978,
9465,10000000
52179,8000000
66490,12000000
3284,6000000
124800,8000000
63553,15000000
67101,6000000
66012,8000000
67096,15000000
7843,9000000
102138,10000000
54074,5000000
103655,20000000
59262,4000000
63817,
100369,12000000
126028,50000000
75219,
103701,13000000
119967,7000000
94021,8000000
54042,20000000
122947,20000000
100730,18000000
120133,
4996,5000000
8047,7000000
110344,15000000
118969,30000000
107239,50000000
124288,30000000
101083,73000000
5073,25000000
43499,6000000
131582,6000000
76995,7000000
122131,8000000
1398,10000000
115352,17000000
81212,5000000
1365,5000000
121819,20000000
107011,7000000
108450,9000000
51716,6000000
8340,7000000
67629,0
4681,
102352,100000000
67328,10000000
60734,15000000
66071,4000000
65926,8000000
2538,
67443,15000000
55307,10000000
101562,12000000
67373,10000000
59380,3000000
36431,7000000
4809,4000000
25939,12000000
9301,20000000
3362,
58971,5000000
123331,20000000
7405,
104013,
104535,
9162,
101900,15000000
2411,
92609,6000000
1449,7000000
98745,10000000
124544,40000000
4908,
131295,8000000
49837,700000
24477,4000000
128860,7000000
106375,5000000
121984,12000000
92212,5000000
105088,
129191,
102751,15000000
8497,15000000
104846,9000000
104217,10000000
98697,1000000
124,2000000
119772,7000000
76543,5000000
102586,8000000
37144,8000000
122990,50000000
60279,10000000
129992,
123267,30000000
100364,7000000
126667,25000000
107097,7000
108217,8000000
121920,
108938,30000000
3512,20000000
113121,8000000
130435,30000000
101580,15000000
104314,10000000
132984,
51902,10000000
74297,
66076,7000000
115736,10000000
123695,30000000
125824,
112264,5000000
67767,4000000
118310,15000000
110690,
109548,30000000
126605,5000000
114828,40000000
113089,10000000
118367,
120157,7000000
9772,22000000
115830,10000000
1374,12000000
126911,
126604,
7339,15000000
111168,7000000
131739,
125608,70000000
104816,100000000
120491,
108194,7000000
108145,13000000
108225,10000000
113588,20000000
131804,25000000
131562,15000000
66654,520000
52371,
38338,3000000
52184,7000000
53907,12000000
105918,20000000
102475,10000000
105233,
107151,15000000
129344,4000000
9429,
61231,130000000
104045,6000000
102856,6500000
131580,12000000
106314,
100397,5000000
5640,8000000
113769,12000000
129333,40000000
131599,
131600,15000000
131656,50000000
131516,8000000
106205,8000000
67685,10000000
67670,6000000
55180,
5081,500000
102424,10000000
131493,
131683,
131578,
119775,8000000
100117,10000000
99221,5000000
93604,8000000
66642,5000000
5198,50000000
105090,
103200,8000000
66088,8000000
2775,10000000
65929,4000000
99850,
3729,
92828,5000000
5287,10000000
108148,5000000
126606,7000000
115563,8000000
105029,6000000
103136,8000000
120384,30000000
130428,15000000
131428,10000000
66240,40000000
67688,
66876,
113138,10000000
108775,5000000
79137,10000000
99643,5000000
99319,
112883,20000000
103890,30000000
57100,
5358,7000000
107129,8000000
111681,8000000
99618,10000000
67406,20000000
121052,15000000
102476,10000000
109221,7000000
55614,6000000
101972,15000000
123608,10000000
8204,
9393,15000000
65618,5000000
112650,6000000
101455,
123072,200000000
114535,50000000
67728,
109882,5000000
67786,40000000
108044,7000000
120047,10000000
114539,25000000
111233,10000000
72833,6000000
112205,
104085,10000000
53965,8000000
101003,5000000
126422,20
3837,10000000
53881,10000000
93018,10000000
112825,30000000
122336,10000000
106878,10000000
102426,10000000
112229,10000000
58324,10000000
113438,15000000
64467,10000000
65855,8000000
66289,
67491,500000
113756,
98723,5000000
122468,10000000
122567,8000000
112159,4000000
99506,14000000
130740,
124743,4000000
114769,
67446,15000000
121181,17000000
66477,15000000
9767,
66299,6000000
66593,
109609,16000000
129994,30000000
9109,10000000
872,10000000
108350,
112307,20000000
53671,25000000
102175,500000
5873,
54600,10000000
102183,
40937,5000000
100362,20000000
9496,6000000
102627,
79652,
103972,10000000
79891,5000000
99948,14000000
37339,10000000
126887,
2660,10000000
107110,15000000
53612,6000000
98824,10000000
93450,5000000
6773,7000000
112227,22000000
122798,15000000
103514,
67589,30000000
110086,
109962,12000000
108767,4000000
107614,7500000
73535,15000000
94011,
83514,
66848,5000000
113250,50000000
113082,10000000
55275,3000000
112367,10000000
111646,
55368,
63655,15000000
105803,7000000
104555,
104608,6400000
98634,10000000
67138,10000000
104955,20000000
114085,10000000
62721,15000000
755,5000000
46861,30000000
67158,15000000
2751,11000000
113290,5000000
108564,15000000
129968,35000000
105283,
113887,7000000
66427,4000000
1349,40000000
102850,2000000
9169,25000000
67169,500000
130601,6000000
105877,15000000
920,5000000
126638,12000000
55896,
67752,30000000
106528,17000000
117716,15000000
103415,7000000
103651,70000000
101730,
99656,20000000
106564,10000000
101077,10000000
98950,15000000
106176,32000000
5258,15000000
51450,10000000
4582,50000000
113939,9000000
112662,10000000
112485,5000000
122272,20000000
66254,12000000
94012,20000000
6557,6000000
111485,30000000
100047,10000000
115751,
104673,30000000
99011,40000000
105067,15000000
103922,
9606,
109190,
117654,
25186,5000000
7569,8000000
102640,20000000
67047,15000000
125648,15000000
715,5000000
56627,10000000
104930,20000000
1766,
99392,12000000
9604,5000000
53712,10000000
8100,10000000
101808,
67650,20000000
115858,10000000
1865,10000000
3768,6000000
52504,10000000
115379,9000000
67439,7000000
7822,12000000
74517,25000000
46387,10000000
7499,15000000
117044,3000000
114760,
113187,
103028,
4947,80000000
7592,8000000
7255,
7839,10000000
65425,9000000
73209,25000000
6750,15000000
8519,
99612,25000000
103940,20000000
66770,20000000
5415,12000000
7791,10000000
57306,6000000
55763,20000000
64407,5000000
53667,9000000
130278,30000000
8573,25000000
9189,8000000
5106,6000000
9225,500000
108605,16000000
111376,10000000
67403,5000000
122180,300000000
99541,10000000
104185,12000000
100504,8000000
4696,15000000
106283,80000000
104420,10000000
7555,9000000
61070,8000000
64030,12000000
7747,500000
99352,14000000
41065,12000000
59391,10000000
82822,10000000
55313,15000000
111700,
94005,
7949,
67346,5000000
53089,10000000
101304,10000000
30203,6000000
101629,100000000
106974,8000000
67361,50000000
105261,10000000
53453,15000000
102598,8000000
101896,50000000
30025,7000000
6427,4000000
99540,10000000
99133,
913,6000000
4952,7000000
35725,5000000
101647,500000000
103184,7000000
111660,45000000
94010,6000000
108249,25000000
1656,20000000
67689,
66250,25000000
67480,20000000
103169,10000000
75215,6000000
65198,7000000
53536,
98591,10000000
78661,3000000
113183,
83429,8000000
67179,20000000
112882,15000000
102630,7000000
121594,8000000
110888,500000
67027,20000000
99581,18000000
60499,23000000
105983,8000000
1294,9000000
98852,12000000
60520,
103244,10000000
103260,
66759,6000000
64588,15
108803,6000000
1403,18000000
67388,13000000
9353,4000000
47228,5000000
108602,
3482,15000000
66763,6000000
101248,10000000
7094,4000000
112134,
98876,7000000
98877,15000000
5516,15000000
92701,200000
67394,20000000
59862,15000000
102079,
99672,6000000
103906,5000000
113765,14000000
66038,
7640,100000000
93582,25000000
67087,10000000
101357,20000000
61701,8000000
75499,10000000
66847,
960,11000000
67498,8000000
110599,20000000
92427,6000000
50601,10000000
4992,8000000
66444,
9647,20000000
104685,
114748,
100298,500000
63626,
111870,9000000
49562,
103077,10000000
74112,10000000
105480,40000000
113747,
54108,25000000
115905,18000000
52792,8000000
82294,12000000
67350,3000000
120540,20000000
67171,5000000
1000,
129688,100000000
65147,
2578,15000000
80249,
112243,
99711,15000000
66026,10000000
29782,10000000
67776,5000000
9451,
113711,
52231,15000000
98344,20000000
59121,
47302,15000000
65962,
120081,
52748,10000000
9389,10000000
66677,
98733,
7160,30000000
3289,5000000
74337,30000000
4411,5100000
108267,
66203,5000000
102705,
91819,7000000
58948,
66233,5000000
9014,10000000
64684,10000000
67192,25000000
118337,
117511,8000000
4571,12000000
64324,10000000
9370,5000000
112015,10000000
65941,10000000
67223,30000000
66294,30000000
98813,7000000
81458,20000000
56501,5000000
79183,10000000
62398,8000000
101615,8000000
63581,7000000
3446,7000000
42151,
67225,20000000
67521,5000000
9099,20000000
7818,
66124,5000000
9116,10000000
67114,9000000
108626,15000000
115677,20000000
57198,450000
63308,15000000
54367,20000000
52147,6000000
103528,11000000
66684,9000000
103557,
110873,
99405,3000000
66052,6000000
103832,8000000
104949,12000000
66251,
52966,500000
17164,4000000
7834,9000000
9001,10000000
66921,10000000
99803,7000000
79888,6000000
65005,4000000
104014,7000000
104313,10000000
92886,30000000
8889,
62750,
7868,18000000
99247,5000000
99736,40000000
6930,10000000
67665,5000000
53608,6000000
102584,5000000
52365,10000000
9423,7000000
4806,
1592,50000000
66957,6000000
105379,40000000
67092,8000000
17842,6000000
9356,
103195,8000000
111473,10000000
102508,15000000
124312,10000000
122374,20000000
102952,4000000
8551,4000000
58726,
8899,5000000
66082,7000000
66027,4000000
105007,
66470,20000000
93690,30000000
119396,5000000
120722,12000000
66213,14000000
75102,500000
110832,
67210,5000000
7770,8000000
4288,7000000
7829,
66936,4000000
77948,8000000
65357,3000000
106942,7000000
65802,15000000
66898,25000000
111243,10000000
102230,7000000
115726,25000000
123085,7000000
9733,800000
5995,6
67277,5000000
102389,12000000
67048,5000000
8883,7000000
74751,8000000
4240,50000000
66917,100000
107746,12000000
107084,
67130,10000000
66298,6000000
108707,20000000
109206,100000000
66722,6000000
67249,30000000
103268,4000000
106321,7000000
9009,10000000
8865,20000000
67188,5000000
67382,
53605,7000000
66391,6000000
3951,
66068,10000000
3725,10000000
62453,4000000
4051,450000
121484,
66658,500000
9230,5000000
66145,2000000000
83300,7000000
63670,8000000
2868,5000000
65928,75000000
105051,14000000
67137,
106989,9000000
66270,4000000
65210,4000000
103105,20000000
59274,5000000
53095,18000000
65724,8000000
5737,8000000
66591,10000000
93680,100000000
54197,10000000
937,
99988,
67260,500000
67320,10000000
66835,5000000
67111,
98313,
77572,
9654,6000000
77531,15000000
7519,500000
111470,10000000
67194,300000
39858,10000000
29999,6000000
2853,5000000
53229,6000000
108516,
5412,25000000
100326,8000000
101247,8000000
5388,6000000
53695,6000000
1928,5000000
66648,10000000
37338,
67431,700000
65903,6000000
6928,
53443,38000000
93837,10000000
27619,11000000
49699,10000000
8419,10000000
54249,
12820,500000
2499,9000000
4967,
4270,500000
31985,
100018,5000000
107623,17000000
9185,100000000
65894,7000000
66958,10000000
60940,15000000
66013,10000000
56384,
65715,500000
66791,10000000
67091,7000000
5016,20000000
3264,30000000
893,5000000
9578,15000000
67117,
66074,7000000
8001,10000000
7456,15000000
5086,5000000
66478,10000000
44503,10000000
50317,6000000
66954,1000000
67353,
4226,6000000
37262,500000
104295,
8376,10000000
53630,20000000
3240,10000000
59235,5000000
1828,10000000
65869,10
7674,11000000
10507,14000000
2571,30000000
66668,8000000
66248,8000000
66119,25000000
66139,15000000
577,15000000
8911,
66802,10000000
102614,
4409,14000000
99059,10000000
105697,30000000
92326,3000000
3368,5000000
9277,5000000
98726,5000000
1423,10000000
1420,0
48244,15000000
5457,8000000
101017,10000000
98730,12000000
5256,2700000
66366,10000000
4284,
9634,15000000
67395,10000000
26171,10000000
8754,
9362,7000000
9438,20000000
8888,
3065,8000000
7900,15000000
3206,10000000
4643,15000000
9219,8000000
6711,15000000
98767,34000000
93519,2500000
1700,10000000
47616,10000000
2469,10000000
60021,10000000
99054,3000000
66788,10000000
8356,6000000
75854,10000000
8934,15000000
58584,25000000
93946,8000000
115242,10000000
110997,30000000
99353,160000000
131519,10000000
131477,
131661,
2485,
66738,8000000
8926,20000000
2413,4000000
67821,20000000
7956,6000000
66616,6000000
2295,12000000
66247,7000000
7596,4000000
50181,6000000
60134,6000000
67238,4000000
98792,8000000
7691,5000000
102666,9000000
73771,4000000
107700,10000000
92634,5000000
102965,10000000
9269,8000000
8373,8000000
9034,11000000
130023,25000000
134603,30000000
57873,4000000
1088,30000000
79374,25000000
103749,
5777,6000000
67025,50000000
82919,4000000
2387,4000000
66274,7000000
99143,
8842,10000000
3835,15000000
67365,8000000
65967,500000
107085,
60261,15000000
105109,
41028,
66659,500000
8628,10000000
65561,18000000
66336,4000000
7474,
4449,7000000
73629,8000000
75324,10000000
79034,20000000
1098,10000000
3897,10000000
66824,10000000
58443,10000000
66991,8000000
4130,
77623,5000000
99048,15000000
58916,15000000
8203,
62303,10000000
6300,5000000
3052,25000000
9609,3000000
67151,7000000
45203,3000000
66195,22000000
75329,11000000
4853,
67204,
67496,15000000
9347,6000000
8828,5000000
2729,12000000
46135,20000000
7302,8000000
73628,5000000
7695,
9371,5000000
65946,8000000
66395,
8152,5000000
37983,20000000
65898,17000000
9303,
78767,
66843,3000000
7896,5000000
58747,4000000
48787,67000000
4801,
66221,
7445,20000000
3967,5000000
63554,7000000
51828,15000000
38,15000000
67018,
3033,51000000
5158,7000000
100363,9000000
8609,1000000
66020,5000000
67235,7000000
75698,7000000
50253,20000000
8922,800000
79381,
7619,15000000
5284,6000000
7343,15000000
780,20000000
1564,6000000
9092,6000000
9742,
53757,15000000
66237,35000000
6360,500000
63561,5000000
9473,10000000
62394,15000000
8906,5000000
7467,15000000
8919,15000000
4679,6000000
5294,15000000
5196,10000000
3020,15000000
61204,10000000
5180,12000000
49159,5000000
9581,20000000
77599,4000000
9885,8000000
3231,
1622,
8347,5000000
711,6000000
8095,15000000
66883,4000000
45117,
60816,5000000
8943,7000000
53335,
44842,8000000
9251,500000
65734,9000000
67243,15000000
134331,
